,FL1.H,FL2.H,FL3.H,FL4.H,cls
1,111,105,380,676,1
2,202,133,0,755,1
3,155,762,0,708,2
4,33,799,0,747,2
5,0,127,0,745,1
6,107,129,0,721,1
7,612,748,0,141,4
8,243,0,73,779,1
9,157,0,0,737,1
10,559,393,174,110,3
11,0,32,225,196,3
12,130,0,374,676,1
13,258,0,415,215,3
14,226,0,500,663,1
15,66,683,0,691,2
16,0,741,92,703,2
17,173,0,0,772,1
18,43,8,0,756,1
19,225,745,0,721,2
21,88,0,382,678,1
22,624,731,309,211,4
23,0,68,27,734,1
24,119,13,0,729,1
25,254,0,193,750,1
26,169,187,15,747,1
27,0,209,0,749,1
28,161,129,31,752,1
29,642,95,0,171,3
30,628,250,0,134,3
31,91,60,0,746,1
32,0,39,788,712,1
33,182,34,0,778,1
34,141,0,0,760,1
35,47,0,106,744,1
36,162,0,0,754,1
37,655,181,0,126,3
38,119,263,77,609,1
39,227,0,6,739,1
40,674,810,0,165,4
41,187,620,0,632,2
42,173,0,67,769,1
43,55,0,0,764,1
44,155,782,0,727,2
45,44,786,92,731,2
46,143,0,18,727,1
47,0,0,989,0,3
48,615,161,351,192,3
49,230,771,0,734,2
50,0,749,109,713,2
51,115,776,0,739,2
52,128,0,0,743,1
53,98,761,0,718,2
54,140,33,0,797,1
55,126,67,0,755,1
56,208,113,117,762,1
57,100,749,0,716,2
58,618,755,0,142,4
59,0,771,0,707,2
60,544,488,514,688,2
61,48,730,0,701,2
62,93,564,26,781,2
63,87,745,0,713,2
64,0,786,262,748,2
65,187,16,239,743,1
66,124,106,157,752,1
68,669,2,163,143,3
69,0,738,12,697,2
70,180,64,55,724,1
71,612,774,88,130,4
72,222,0,331,650,1
73,113,1,81,720,1
74,662,805,23,207,4
75,187,32,288,774,1
76,256,738,0,692,2
77,132,777,146,726,2
78,173,686,0,617,2
79,94,806,0,739,2
80,166,0,154,726,1
81,122,116,129,750,1
82,608,756,13,227,4
83,196,716,3,709,2
84,633,759,422,210,4
85,649,70,56,249,3
86,196,212,26,742,1
87,229,733,0,710,2
88,142,636,0,706,2
89,673,786,0,242,4
90,232,32,0,729,1
91,12,757,0,700,2
92,212,0,519,706,1
93,182,197,45,737,1
94,73,735,0,698,2
95,552,690,0,212,4
96,0,747,0,728,2
97,205,0,121,725,1
98,217,155,36,765,1
99,33,135,0,733,1
100,89,215,0,741,1
101,125,144,174,675,1
102,124,72,42,755,1
103,607,708,0,128,4
104,31,819,0,744,2
105,130,261,0,773,1
106,215,0,0,737,1
108,71,812,0,758,2
109,0,37,72,752,1
110,0,171,0,755,1
112,50,762,129,743,2
113,0,740,0,702,2
114,65,743,0,718,2
115,17,772,0,825,2
116,129,49,113,758,1
117,19,138,75,762,1
118,72,730,0,684,2
119,94,218,87,758,1
120,87,759,0,715,2
121,79,769,0,735,2
122,142,0,0,734,1
123,118,0,48,770,1
124,244,0,117,731,1
125,216,96,0,749,1
126,136,724,0,716,2
127,0,778,0,723,2
128,681,810,0,252,4
129,57,171,0,726,1
130,134,765,0,718,2
131,716,245,64,253,3
132,0,763,1,715,2
133,114,759,0,719,2
134,84,40,112,718,1
135,583,755,0,82,4
136,1,729,0,703,2
137,614,730,0,217,4
138,163,119,0,755,1
139,109,43,121,730,1
140,211,109,93,734,1
141,655,190,204,201,3
142,109,0,62,749,1
143,65,18,66,761,1
144,680,785,0,154,4
145,636,757,346,97,4
146,59,212,0,751,1
147,83,106,9,739,1
148,0,753,29,704,2
149,217,134,0,737,1
150,53,207,0,742,1
151,126,100,0,768,1
152,66,752,94,716,2
153,122,0,21,747,1
154,43,118,202,722,1
155,89,797,15,736,2
156,47,741,0,671,2
157,40,204,0,768,1
158,0,706,25,680,2
159,666,170,0,224,3
160,146,721,517,696,2
161,24,785,21,723,2
162,0,100,42,749,1
163,0,667,4,664,2
164,20,20,429,762,1
165,626,737,512,167,4
166,664,763,0,736,2
167,218,747,0,713,2
168,79,693,0,695,2
169,68,123,36,747,1
170,0,50,0,736,1
171,119,684,152,675,2
172,17,587,449,558,2
173,47,0,0,767,1
174,175,128,0,761,1
175,268,0,671,672,1
176,0,0,105,758,1
177,0,393,999,0,3
178,185,625,178,604,2
179,72,32,0,785,1
180,0,732,115,697,2
181,132,2,127,761,1
182,204,0,345,746,1
183,136,82,0,751,1
184,563,617,282,118,4
185,134,0,0,813,1
186,0,751,75,709,2
187,589,760,0,218,4
188,151,166,142,698,1
189,111,0,249,756,1
190,638,785,0,194,4
191,62,728,0,709,2
192,157,739,19,721,2
193,602,745,10,175,4
194,160,747,0,706,2
195,0,789,0,745,2
196,327,0,563,592,1
197,0,832,0,753,2
198,241,752,196,729,2
199,0,738,0,701,2
200,238,0,169,734,1
201,136,787,0,710,2
202,110,151,349,571,1
203,136,0,62,766,1
204,31,714,0,709,2
206,116,746,0,717,2
207,137,206,219,757,1
208,100,825,221,782,2
209,41,87,219,725,1
210,233,821,344,771,2
211,257,0,711,600,1
212,259,0,525,732,1
213,251,727,543,692,2
214,78,709,549,677,2
215,635,764,473,218,4
216,0,737,423,710,2
217,0,782,406,724,2
218,105,711,274,692,2
219,684,815,80,347,4
220,30,0,93,762,1
221,746,257,247,174,3
222,30,0,456,745,1
223,181,83,34,763,1
224,1,763,434,704,2
225,3,271,0,735,1
226,0,240,0,740,1
227,161,715,9,705,2
228,159,0,96,725,1
229,182,0,172,730,1
230,184,647,0,648,2
232,0,721,0,706,2
233,107,798,128,749,2
234,615,764,0,235,4
235,0,738,0,694,2
236,166,0,0,767,1
237,178,0,584,711,1
238,595,777,0,291,4
239,177,229,0,733,1
240,711,847,116,263,4
241,20,814,0,770,2
242,78,775,0,712,2
243,184,744,249,689,2
244,51,665,276,674,2
245,0,60,16,757,1
246,88,0,0,716,1
247,224,748,289,739,2
248,141,196,0,721,1
249,150,31,0,767,1
250,702,0,194,215,3
251,79,790,0,731,2
252,567,663,0,44,4
253,621,783,0,197,4
254,639,765,0,246,4
255,0,786,0,739,2
256,138,0,120,752,1
257,129,784,0,746,2
258,243,225,233,735,1
259,168,0,308,763,1
260,32,161,33,730,1
261,99,0,0,721,1
262,0,723,0,709,2
263,153,16,570,773,1
264,0,767,0,737,2
265,156,134,0,742,1
266,0,710,0,681,2
267,649,755,0,155,4
268,681,210,0,169,3
269,122,688,0,668,2
270,632,776,19,222,4
271,530,718,229,152,4
272,217,0,246,704,1
273,206,0,97,761,1
274,135,0,72,747,1
275,652,776,0,258,4
276,658,121,324,128,3
277,151,89,9,715,1
278,684,248,0,247,3
279,139,0,105,738,1
280,211,122,0,701,1
281,0,708,0,715,2
282,199,652,146,602,2
283,642,0,199,193,3
284,46,0,0,788,1
285,180,0,10,748,1
286,0,797,0,760,2
287,205,715,167,687,2
288,213,0,270,747,1
289,525,668,108,131,4
290,680,790,34,225,4
291,0,0,111,763,1
292,149,25,9,726,1
293,0,732,0,668,2
294,175,182,0,731,1
295,717,0,83,208,3
296,210,0,408,757,1
297,582,648,0,223,4
298,224,0,54,773,1
299,79,804,0,753,2
300,153,765,0,716,2
301,61,698,0,602,2
302,0,665,0,653,2
303,159,0,0,790,1
304,616,761,6,243,4
305,22,0,204,731,1
306,219,48,407,796,1
307,178,319,153,798,1
308,143,0,81,742,1
309,90,779,440,726,2
310,0,749,0,718,2
311,212,742,0,726,2
312,66,0,0,752,1
313,79,743,0,717,2
314,81,706,71,715,2
315,90,119,0,718,1
316,639,764,52,265,4
317,63,67,54,732,1
318,104,0,196,764,1
319,0,251,0,742,1
320,21,165,38,747,1
321,256,0,0,755,1
322,115,120,0,731,1
323,624,748,0,60,4
324,83,776,0,754,2
325,2,80,12,753,1
326,665,770,0,165,4
327,40,71,39,749,1
328,121,0,65,732,1
329,220,103,46,743,1
330,99,119,398,761,1
331,755,181,0,179,3
332,224,723,0,678,2
333,213,78,58,755,1
334,160,190,23,740,1
335,158,27,0,720,1
336,6,198,107,735,1
337,0,757,93,699,2
338,71,0,23,730,1
339,242,22,0,727,1
340,0,792,59,749,2
341,158,731,0,676,2
342,596,769,191,67,4
343,98,746,0,714,2
344,606,719,37,120,4
345,0,751,0,716,2
346,643,772,81,203,4
347,0,783,0,738,2
348,27,616,81,568,2
349,15,800,0,767,2
350,157,157,0,786,1
351,654,795,11,105,4
352,100,0,105,731,1
353,177,738,0,685,2
354,108,36,10,731,1
355,73,0,150,751,1
356,592,711,13,211,4
357,92,742,0,721,2
358,3,745,0,731,2
359,44,2,215,730,1
360,155,0,0,791,1
361,71,743,78,715,2
362,500,681,0,220,4
363,127,783,0,739,2
364,0,789,0,728,2
365,227,721,0,710,2
366,560,655,225,185,4
367,109,0,113,763,1
368,154,764,45,733,2
369,74,763,0,729,2
370,671,24,427,112,3
371,653,240,165,137,3
372,14,141,8,762,1
373,0,726,0,702,2
374,624,751,0,199,4
375,109,0,0,749,1
376,654,271,0,123,3
377,142,715,29,682,2
378,0,93,1,736,1
379,0,744,46,715,2
380,632,741,165,201,4
381,745,248,0,142,3
382,117,99,0,737,1
383,268,190,442,604,1
384,0,12,0,742,1
385,231,0,306,731,1
386,94,204,0,739,1
387,42,661,0,675,2
388,535,719,0,122,4
389,0,0,38,764,1
390,537,685,30,252,4
391,225,0,364,719,1
392,619,269,0,110,3
393,94,0,112,740,1
394,0,747,0,727,2
395,0,654,5,616,2
396,151,61,166,733,1
397,0,661,222,589,2
398,87,166,0,752,1
399,105,698,0,695,2
400,63,703,0,676,2
401,257,765,0,711,2
402,616,777,0,69,4
403,158,1,0,741,1
404,161,734,109,725,2
405,44,763,0,734,2
406,47,149,12,754,1
407,96,0,108,780,1
408,118,80,0,777,1
409,126,0,16,749,1
410,613,728,171,211,4
411,578,743,0,221,4
412,267,246,413,679,1
413,147,740,0,729,2
414,182,0,580,642,1
415,109,188,52,744,1
416,0,670,0,677,2
417,593,757,0,181,4
418,640,805,107,0,4
419,96,0,212,770,1
420,619,744,70,148,4
421,64,783,177,727,2
422,632,764,3,225,4
423,679,112,0,192,3
424,0,767,0,725,2
425,34,129,108,731,1
426,212,122,207,687,1
427,112,751,0,728,2
428,0,752,0,716,2
429,96,201,0,765,1
430,0,715,567,699,2
431,0,689,0,666,2
432,3,679,215,661,2
433,254,85,0,738,1
434,158,66,0,737,1
435,225,0,0,742,1
436,64,0,3,744,1
437,629,771,0,196,4
438,168,258,0,724,1
439,11,769,0,716,2
440,104,800,130,753,2
441,679,0,312,175,3
442,251,274,0,721,1
443,135,758,0,720,2
444,219,686,206,668,2
445,109,0,130,748,1
446,128,172,0,731,1
447,187,181,24,739,1
448,0,727,56,691,2
449,609,758,142,10,4
450,647,775,0,148,4
451,146,0,140,772,1
452,282,176,0,748,1
453,74,0,25,741,1
454,159,173,0,739,1
455,0,152,141,754,1
456,145,747,0,706,2
457,15,203,0,762,1
458,173,255,187,626,1
459,84,743,0,711,2
460,105,76,0,721,1
461,225,712,0,692,2
462,108,125,222,751,1
463,184,0,278,734,1
464,108,763,0,709,2
465,0,431,0,822,1
466,212,376,70,786,1
467,81,654,0,593,2
468,64,0,213,648,1
469,667,213,40,220,3
470,572,706,319,96,4
471,102,51,135,712,1
472,122,759,0,728,2
473,184,0,44,725,1
474,14,634,85,653,2
475,0,0,52,724,1
476,213,0,38,749,1
477,46,212,0,729,1
478,96,0,401,718,1
479,676,747,0,257,4
480,177,93,44,782,1
481,180,172,99,778,1
482,6,0,29,766,1
483,100,0,0,719,1
484,651,5,267,132,3
485,615,742,129,253,4
486,0,732,0,691,2
487,153,116,335,768,1
488,0,718,0,714,2
489,52,719,160,693,2
490,90,774,0,734,2
491,690,115,0,160,3
492,183,119,99,761,1
493,113,763,165,731,2
494,194,0,294,748,1
495,0,739,0,714,2
496,99,784,0,744,2
497,113,143,244,747,1
498,272,86,0,763,1
499,0,24,197,733,1
500,156,27,75,729,1
501,173,194,366,740,1
502,0,748,0,701,2
503,716,0,121,143,3
504,638,748,0,119,4
505,592,715,167,136,4
506,622,306,3,109,3
507,56,700,0,671,2
508,0,761,0,737,2
509,0,773,399,737,2
510,182,284,0,787,1
511,48,805,0,774,2
512,34,0,35,746,1
513,0,747,63,703,2
514,0,83,41,745,1
515,195,150,0,713,1
516,317,254,226,248,3
517,141,702,0,695,2
518,35,483,0,810,1
519,218,27,0,755,1
520,105,0,221,722,1
521,123,735,0,717,2
522,192,217,0,727,1
523,204,764,14,746,2
524,0,318,0,741,1
525,70,730,0,706,2
526,209,40,210,736,1
527,0,214,180,731,1
528,104,0,568,656,1
529,672,100,183,35,3
530,196,0,137,750,1
531,0,0,49,743,1
532,618,728,211,228,4
533,90,142,30,758,1
534,57,0,81,750,1
535,61,71,101,758,1
536,106,0,148,742,1
537,111,769,0,727,2
538,0,798,0,761,2
539,160,759,36,718,2
540,114,112,0,749,1
541,116,695,271,660,2
542,126,621,0,611,2
543,249,0,63,756,1
544,600,770,0,238,4
545,649,0,325,93,3
546,627,749,0,176,4
547,1,741,0,734,2
548,0,681,287,649,2
549,161,29,247,716,1
550,210,34,307,672,1
551,160,75,115,749,1
552,173,234,0,760,1
553,112,0,0,753,1
554,638,157,45,194,3
555,201,46,0,754,1
556,67,773,0,715,2
557,0,774,0,690,2
558,4,0,5,739,1
559,111,0,89,744,1
560,97,738,0,699,2
561,201,121,5,746,1
562,156,660,0,580,2
563,152,747,0,694,2
564,557,730,0,39,4
565,0,767,0,741,2
566,757,772,0,259,4
567,123,756,0,714,2
568,18,773,0,731,2
569,211,0,241,735,1
570,55,755,0,718,2
571,17,801,0,720,2
572,635,102,113,158,3
573,66,810,0,745,2
574,31,721,0,691,2
575,679,0,155,38,3
576,0,814,0,753,2
577,119,0,0,721,1
578,290,271,266,735,1
579,120,90,0,734,1
580,124,785,0,746,2
581,151,86,14,759,1
582,169,0,133,757,1
583,163,0,0,746,1
584,244,697,0,664,2
585,305,767,308,718,2
586,661,185,69,196,3
587,207,76,132,728,1
588,127,376,0,791,1
589,186,0,140,739,1
590,141,0,0,730,1
591,0,811,84,776,2
592,202,184,0,741,1
593,618,713,0,133,4
594,100,4,489,739,1
595,112,35,0,727,1
596,164,647,265,629,2
597,0,711,0,694,2
598,95,0,0,751,1
599,124,783,0,754,2
600,232,206,150,749,1
601,108,710,0,701,2
602,108,0,0,759,1
603,0,23,454,748,1
604,30,775,0,715,2
605,15,733,0,715,2
606,615,0,767,0,3
607,689,0,210,259,3
608,632,10,0,217,3
609,167,0,38,732,1
610,95,708,0,661,2
611,0,747,0,692,2
612,161,149,0,740,1
613,192,0,618,741,1
614,597,719,220,103,4
616,66,782,0,708,2
617,0,778,48,730,2
618,99,779,65,717,2
619,34,812,0,723,2
620,146,738,0,692,2
621,130,45,0,752,1
622,200,731,67,708,2
623,138,38,0,768,1
624,50,122,248,736,1
625,0,785,0,733,2
626,53,672,0,729,2
627,49,766,6,728,2
628,191,737,0,718,2
629,643,0,38,202,3
630,179,0,0,746,1
631,0,781,0,759,2
632,154,746,0,732,2
633,146,8,95,704,1
634,0,722,76,708,2
635,648,261,0,86,3
636,75,736,0,717,2
637,116,316,0,762,1
638,94,807,182,721,2
639,49,770,6,740,2
640,0,735,0,725,2
641,194,711,0,666,2
642,36,0,0,772,1
643,0,777,0,725,2
644,594,747,233,163,4
645,0,169,47,766,1
646,101,735,0,693,2
647,40,288,14,769,1
648,592,642,0,196,4
649,657,144,154,0,3
650,0,659,0,664,2
651,235,0,64,766,1
652,608,699,253,205,4
653,603,711,226,178,4
654,0,781,45,737,2
655,105,66,27,743,1
656,0,84,0,745,1
657,212,760,0,715,2
658,0,201,0,731,1
659,68,741,0,709,2
660,186,0,478,743,1
661,0,789,0,744,2
662,72,754,5,738,2
663,132,0,76,768,1
664,57,707,478,701,2
665,0,638,103,620,2
666,626,800,70,182,4
667,8,0,144,761,1
668,182,209,0,754,1
669,0,740,6,710,2
670,27,806,0,765,2
671,714,223,0,72,3
672,0,795,0,759,2
673,185,745,0,699,2
674,180,0,225,743,1
675,139,735,111,709,2
676,169,0,0,752,1
677,0,785,0,737,2
678,75,41,40,731,1
679,701,229,264,218,3
680,245,0,497,725,1
681,0,670,8,680,2
682,0,751,0,705,2
683,519,622,220,59,4
684,79,0,29,759,1
685,130,99,207,778,1
686,640,116,316,164,3
687,575,670,126,330,4
688,146,0,24,739,1
689,0,722,0,714,2
690,646,745,0,173,4
691,171,0,268,755,1
692,213,765,0,726,2
693,0,760,0,714,2
694,79,12,173,726,1
695,40,789,0,749,2
696,18,742,0,710,2
697,146,156,191,752,1
698,615,761,0,147,4
699,100,92,29,775,1
700,142,11,292,742,1
701,218,0,535,434,3
702,677,270,517,0,3
703,22,0,494,614,1
704,319,0,482,827,1
705,123,707,489,684,2
706,128,856,1012,505,2
707,45,750,469,738,2
708,619,761,523,182,4
709,138,0,434,725,1
710,126,0,534,721,1
711,0,428,466,732,1
712,52,13,417,744,1
713,0,771,53,715,2
714,682,233,276,225,3
715,50,231,0,754,1
716,0,730,82,705,2
717,644,233,35,293,3
718,0,745,0,726,2
719,12,187,0,761,1
720,171,4,28,795,1
721,615,225,311,36,3
722,170,162,0,771,1
723,604,691,0,209,4
724,231,0,14,760,1
725,174,149,0,710,1
726,103,175,140,743,1
727,262,0,79,756,1
728,125,24,103,764,1
729,11,277,0,750,1
730,193,0,465,682,1
731,688,25,0,190,3
732,205,0,192,763,1
733,77,720,124,753,2
734,265,16,643,631,1
735,22,798,58,735,2
736,190,0,0,761,1
737,0,773,0,740,2
738,72,737,0,694,2
739,167,120,611,719,1
740,683,52,60,169,3
741,0,748,14,705,2
742,0,730,0,709,2
743,109,689,0,706,2
744,197,261,0,728,1
745,80,779,0,740,2
746,0,171,0,722,1
747,662,795,0,253,4
748,0,744,0,714,2
749,0,738,0,723,2
750,34,0,82,742,1
751,591,738,80,12,4
752,272,0,0,704,1
753,0,735,130,715,2
754,666,239,0,179,3
755,267,6,560,615,1
756,199,0,188,788,1
757,195,29,0,768,1
758,39,0,177,714,1
759,542,722,0,192,4
760,0,0,0,735,1
761,724,65,453,48,3
762,629,741,564,0,4
763,224,729,384,705,2
764,0,759,310,736,2
765,225,68,258,715,1
766,589,758,38,221,4
767,515,621,169,226,4
768,135,0,288,754,1
769,125,298,0,766,1
770,0,242,0,764,1
771,608,223,0,290,3
772,14,52,0,724,1
773,131,25,0,711,1
774,199,682,0,628,2
775,82,797,0,703,2
776,86,126,157,106,3
777,197,3,184,196,3
778,57,0,462,726,1
779,537,693,31,88,4
780,77,774,12,733,2
781,53,50,0,739,1
782,95,882,0,823,2
783,261,57,488,751,1
784,0,86,447,741,1
785,45,758,437,725,2
786,590,133,435,0,3
787,86,54,457,735,1
788,166,0,406,749,1
789,623,765,364,287,4
790,251,142,536,668,1
791,0,656,339,661,2
792,124,26,312,721,1
793,99,819,116,754,2
794,103,225,57,738,1
795,150,6,367,748,1
796,206,127,496,755,1
797,0,790,68,729,2
798,0,733,166,698,2
799,629,745,0,284,4
800,0,754,219,683,2
801,593,721,86,251,4
802,588,726,24,271,4
803,115,746,181,703,2
804,0,767,451,704,2
805,75,454,0,670,1
806,109,227,0,730,1
807,3,828,0,790,2
808,255,131,90,739,1
809,0,146,0,765,1
810,232,753,0,718,2
811,0,762,31,737,2
812,107,0,389,753,1
813,0,768,0,723,2
814,250,761,0,711,2
815,0,0,870,656,1
816,0,774,0,713,2
817,195,81,242,749,1
818,42,643,444,654,2
819,0,753,70,693,2
820,237,11,146,714,1
821,0,761,49,709,2
822,78,802,204,757,2
823,111,0,410,658,1
824,58,747,0,709,2
825,126,59,27,736,1
826,700,54,0,239,3
827,0,735,0,718,2
828,80,704,656,680,2
829,611,737,31,234,4
830,232,75,27,750,1
831,0,751,0,721,2
832,51,726,0,688,2
833,160,0,165,724,1
834,124,45,0,783,1
835,126,766,613,728,2
836,579,770,102,264,4
837,656,0,616,3,3
838,139,33,23,766,1
839,126,0,258,766,1
840,9,713,176,691,2
841,192,632,174,594,2
842,20,744,0,724,2
843,116,0,0,724,1
844,130,0,120,740,1
845,0,749,0,707,2
846,0,750,0,710,2
847,427,695,3,674,2
848,255,294,72,769,1
849,668,763,0,286,4
850,218,720,0,672,2
851,194,214,294,631,1
852,183,191,92,734,1
854,686,110,9,170,3
855,0,807,0,712,2
856,654,800,0,154,4
857,77,744,301,704,2
858,10,773,45,721,2
859,262,0,710,709,1
860,273,94,373,407,3
861,0,195,205,689,1
862,203,1,0,734,1
863,171,714,0,678,2
864,251,754,0,736,2
865,57,731,416,695,2
866,586,264,271,258,3
867,30,664,0,670,2
868,619,163,180,0,3
869,544,158,546,744,1
870,573,695,110,657,2
871,95,0,605,701,1
872,0,120,0,728,1
873,0,777,80,715,2
874,93,93,221,740,1
875,658,776,0,233,4
876,0,789,0,749,2
877,54,757,627,703,2
878,2,0,13,754,1
879,616,720,253,269,4
880,504,129,190,320,3
881,145,0,276,701,1
882,104,752,0,735,2
883,218,721,0,689,2
884,0,788,0,738,2
885,128,0,36,756,1
886,124,782,0,748,2
887,598,736,35,216,4
888,239,160,0,760,1
889,0,773,0,725,2
890,146,41,148,786,1
891,97,769,0,728,2
892,87,0,489,736,1
893,700,0,455,241,3
894,191,45,429,754,1
895,199,0,607,747,1
896,129,2,17,737,1
897,87,680,0,669,2
898,210,188,0,743,1
899,190,574,0,609,2
900,637,745,0,248,4
901,190,677,0,683,2
902,231,0,73,769,1
903,195,16,11,768,1
904,104,5,0,760,1
905,146,205,0,731,1
906,86,762,0,679,2
907,0,184,43,747,1
908,245,10,0,773,1
909,658,256,0,264,3
910,178,0,0,767,1
911,605,748,95,204,4
912,0,769,0,726,2
913,188,0,319,737,1
914,0,748,141,725,2
915,653,782,0,267,4
916,688,32,429,0,3
917,14,743,591,734,2
919,0,821,481,799,2
920,225,0,457,768,1
921,665,0,410,11,3
922,0,754,449,709,2
923,17,0,384,771,1
924,103,0,423,729,1
925,142,0,374,740,1
926,243,675,420,678,2
927,164,0,657,766,1
928,655,755,168,304,4
929,345,681,335,602,2
930,666,138,355,225,3
931,211,194,231,691,1
932,191,0,44,765,1
933,234,254,79,765,1
934,117,70,290,784,1
935,635,744,0,276,4
936,216,177,0,787,1
937,252,67,396,638,1
938,210,173,98,739,1
939,545,392,181,65,3
940,126,0,0,751,1
941,0,237,0,756,1
942,23,711,0,682,2
943,133,0,0,748,1
944,178,0,12,739,1
945,0,772,7,739,2
946,181,715,12,705,2
947,155,244,281,768,1
948,101,721,0,683,2
949,59,756,4,713,2
950,13,814,0,755,2
951,54,0,170,760,1
952,187,0,143,724,1
953,212,720,0,700,2
954,117,719,311,705,2
955,196,40,40,745,1
956,220,14,0,794,1
957,732,24,9,242,3
958,108,0,159,739,1
959,597,762,0,262,4
960,216,202,275,592,1
961,257,67,442,674,1
962,17,0,5,748,1
963,245,389,117,765,1
964,0,725,0,708,2
965,261,0,487,627,1
966,216,75,187,646,1
967,50,754,17,727,2
968,102,12,195,765,1
969,630,760,0,298,4
970,147,0,231,734,1
971,262,232,0,741,1
972,64,756,0,722,2
973,0,736,268,711,2
974,9,8,693,712,1
975,108,732,0,711,2
976,578,663,0,217,4
977,136,0,40,757,1
978,153,691,144,648,2
979,222,116,463,761,1
980,661,798,368,208,4
981,138,249,34,739,1
982,166,3,77,760,1
983,624,271,238,201,3
985,219,14,238,708,1
986,612,722,232,216,4
987,165,84,174,747,1
988,79,692,0,688,2
989,178,28,139,742,1
990,145,0,456,720,1
991,696,223,63,238,3
992,178,277,0,725,1
993,92,0,368,777,1
994,627,702,0,294,4
995,249,213,0,783,1
996,275,530,16,778,2
997,232,36,151,723,1
998,0,629,0,628,2
999,248,204,0,742,1
1000,97,176,89,749,1
1001,100,139,0,750,1
1002,568,732,0,284,4
1003,714,71,355,45,3
1004,158,0,321,714,1
1005,0,0,0,776,1
1006,185,724,0,711,2
1007,193,726,0,739,2
1008,226,681,0,687,2
1009,211,217,96,805,1
1010,109,667,0,627,2
1011,285,732,223,741,2
1012,590,687,717,0,4
1013,217,744,494,710,2
1014,139,275,0,723,1
1015,20,199,62,733,1
1016,133,270,0,718,1
1017,0,732,0,700,2
1018,0,670,703,674,2
1019,169,292,0,789,1
1020,600,219,0,315,3
1021,279,731,0,701,2
1022,162,270,21,772,1
1023,0,788,0,726,2
1024,245,748,0,726,2
1025,55,707,0,691,2
1026,0,215,0,750,1
1027,194,202,0,757,1
1028,139,168,24,719,1
1029,162,0,56,717,1
1030,147,19,170,741,1
1031,182,0,198,734,1
1032,37,729,5,696,2
1033,30,46,0,744,1
1034,0,756,0,726,2
1035,184,221,99,747,1
1036,171,0,0,742,1
1037,682,776,575,26,4
1038,108,763,0,728,2
1039,0,800,0,740,2
1040,0,734,0,692,2
1041,539,737,191,275,4
1042,352,305,314,652,1
1043,156,353,133,796,1
1044,0,805,42,748,2
1045,234,627,0,646,2
1046,0,740,7,713,2
1047,205,21,2,774,1
1048,0,755,57,720,2
1049,187,719,0,693,2
1050,202,67,67,752,1
1051,0,280,108,751,1
1052,58,754,0,705,2
1053,277,0,232,792,1
1054,650,146,162,227,3
1055,258,97,147,773,1
1056,564,663,0,245,4
1057,164,74,386,742,1
1058,691,0,504,762,1
1059,0,816,315,799,2
1060,335,265,306,597,1
1061,213,0,425,607,1
1062,210,197,0,746,1
1063,168,2,263,758,1
1064,0,788,0,750,2
1065,109,204,0,769,1
1066,96,94,0,725,1
1067,156,773,0,694,2
1068,188,146,4,743,1
1069,96,0,0,740,1
1070,112,30,58,727,1
1071,0,739,35,719,2
1072,207,268,0,769,1
1073,146,721,210,686,2
1074,631,721,59,242,4
1075,0,0,491,750,1
1076,195,213,0,748,1
1077,283,136,0,728,1
1078,0,712,0,659,2
1079,0,777,0,726,2
1080,0,727,0,691,2
1081,568,732,19,147,4
1082,222,689,73,696,2
1083,59,363,1009,0,3
1084,261,128,226,773,1
1085,261,0,308,739,1
1086,284,0,318,748,1
1087,246,0,87,747,1
1088,596,690,0,225,4
1089,69,742,384,719,2
1090,17,23,92,740,1
1091,153,142,0,745,1
1092,37,748,121,712,2
1093,658,228,213,262,3
1094,161,798,0,762,2
1095,104,0,327,741,1
1096,0,687,0,618,2
1097,624,751,216,262,4
1098,30,712,280,671,2
1099,566,705,0,250,4
1100,8,807,0,754,2
1101,705,181,0,0,3
1102,248,287,118,717,1
1103,159,791,36,738,2
1104,197,726,0,700,2
1105,161,753,0,731,2
1106,196,71,94,384,3
1107,28,0,0,745,1
1108,176,119,0,761,1
1109,0,742,0,712,2
1110,649,764,295,239,4
1111,264,739,363,708,2
1112,98,145,0,760,1
1113,96,0,204,758,1
1114,297,177,107,743,1
1115,582,754,0,155,4
1116,191,760,0,727,2
1117,0,158,94,781,1
1118,0,67,0,716,1
1119,596,756,0,240,4
1120,0,743,0,726,2
1121,46,744,190,716,2
1122,638,257,0,210,3
1123,145,107,163,747,1
1124,0,0,971,0,3
1125,0,729,0,693,2
1126,0,714,0,707,2
1127,237,742,230,697,2
1128,214,820,0,738,2
1129,0,750,0,710,2
1130,0,742,5,727,2
1131,135,43,342,690,1
1132,717,134,196,147,3
1133,0,781,175,737,2
1134,0,799,53,727,2
1135,167,0,235,742,1
1136,121,257,64,802,1
1137,160,752,210,735,2
1138,0,703,4,676,2
1139,144,121,0,734,1
1140,661,803,0,189,4
1141,665,197,51,144,3
1142,142,814,0,738,2
1143,175,46,55,762,1
1144,68,11,260,751,1
1145,632,753,0,299,4
1146,0,740,0,707,2
1147,33,0,64,758,1
1148,660,471,293,253,4
1149,0,734,23,717,2
1150,0,700,398,716,2
1151,627,197,302,235,3
1152,678,183,262,240,3
1153,53,760,0,706,2
1154,143,762,0,717,2
1155,725,258,32,120,3
1156,220,758,60,704,2
1157,149,0,26,773,1
1158,111,712,0,687,2
1159,567,693,252,228,4
1160,0,734,310,687,2
1161,202,79,35,806,1
1162,59,655,0,695,2
1163,751,0,12,217,3
1164,671,154,47,206,3
1165,204,27,55,771,1
1166,692,819,0,122,4
1167,188,0,289,772,1
1168,84,737,0,703,2
1169,187,0,583,747,1
1170,0,762,289,715,2
1171,0,24,0,755,1
1172,177,0,243,742,1
1173,146,225,0,742,1
1174,32,0,476,691,1
1175,228,165,65,777,1
1176,180,215,27,769,1
1177,151,0,162,749,1
1178,124,77,181,750,1
1179,198,0,441,721,1
1180,204,115,2,768,1
1181,183,177,375,723,1
1182,86,171,145,738,1
1183,0,730,362,710,2
1184,626,752,355,288,4
1185,182,683,0,709,2
1186,269,44,504,674,1
1187,661,201,119,294,3
1188,121,747,0,718,2
1189,75,832,0,769,2
1190,44,0,0,709,1
1191,0,756,0,714,2
1192,0,766,300,724,2
1193,248,269,109,828,1
1194,249,0,289,611,1
1195,68,703,64,705,2
1196,106,797,0,747,2
1197,0,771,0,725,2
1198,0,797,0,735,2
1199,668,785,0,239,4
1200,3,745,0,695,2
1201,109,0,0,753,1
1202,59,752,0,699,2
1203,71,694,115,687,2
1204,637,751,0,313,4
1205,66,0,215,733,1
1206,625,699,457,164,4
1207,228,792,0,763,2
1208,125,715,0,682,2
1209,38,692,0,647,2
1210,143,0,167,711,1
1211,203,62,65,778,1
1212,201,836,0,792,2
1213,220,94,191,747,1
1214,234,189,0,734,1
1215,163,0,177,757,1
1216,185,63,109,764,1
1217,611,771,0,188,4
1218,102,0,216,718,1
1219,0,217,0,602,1
1220,0,192,0,764,1
1221,629,179,0,201,3
1222,163,0,325,745,1
1223,184,47,180,749,1
1224,493,285,410,782,1
1225,213,0,299,798,1
1226,202,767,0,793,2
1227,234,778,0,754,2
1228,174,0,112,770,1
1229,0,731,6,698,2
1230,0,605,388,595,2
1231,626,751,154,241,4
1232,68,276,150,722,1
1233,636,777,0,177,4
1234,13,737,23,706,2
1235,197,0,119,767,1
1236,648,137,253,136,3
1237,124,51,47,775,1
1238,115,13,461,687,1
1239,0,0,175,745,1
1240,646,74,396,0,3
1241,157,672,13,635,2
1242,217,262,0,712,1
1243,20,729,0,705,2
1244,89,214,0,748,1
1245,164,0,394,780,1
1246,192,186,200,659,1
1247,175,750,0,722,2
1248,220,0,84,766,1
1249,159,226,0,797,1
1250,201,232,0,764,1
1251,169,57,60,664,1
1252,32,0,370,748,1
1253,560,668,136,170,4
1254,657,0,406,0,3
1255,158,0,419,777,1
1256,0,706,0,689,2
1257,171,116,115,743,1
1258,158,0,0,724,1
1259,186,0,0,790,1
1260,711,60,204,0,3
1261,126,22,0,764,1
1262,637,0,158,0,3
1263,206,44,440,742,1
1264,91,212,142,768,1
1265,115,716,0,712,2
1266,47,10,29,755,1
1267,67,757,0,713,2
1268,2,788,0,739,2
1269,641,818,0,192,4
1270,677,0,573,81,3
1271,167,246,0,752,1
1272,616,743,0,128,4
1273,82,111,177,734,1
1274,107,667,317,628,2
1275,0,754,370,730,2
1276,185,701,296,688,2
1277,180,782,86,745,2
1278,103,7,37,736,1
1279,27,0,0,760,1
1280,624,750,49,192,4
1281,615,759,0,173,4
1282,106,727,0,709,2
1283,53,730,133,700,2
1284,776,316,117,255,3
1285,143,673,0,652,2
1286,65,744,87,712,2
1287,8,696,229,676,2
1288,121,214,0,759,1
1289,44,0,239,792,1
1290,96,782,0,746,2
1291,0,761,56,685,2
1292,120,728,104,699,2
1293,0,773,0,714,2
1294,49,715,467,690,2
1295,0,262,14,739,1
1296,188,13,223,765,1
1297,64,70,170,673,1
1298,37,0,368,729,1
1299,0,763,0,730,2
1300,104,0,144,742,1
1301,255,0,129,776,1
1302,641,763,55,196,4
1303,0,754,0,719,2
1304,271,0,402,751,1
1305,85,735,0,708,2
1306,122,0,286,724,1
1307,0,752,0,729,2
1308,608,724,88,291,4
1309,62,632,627,622,2
1310,663,777,0,289,4
1311,107,0,251,751,1
1312,111,267,0,706,1
1313,649,787,142,225,4
1314,163,0,4,735,1
1315,601,740,0,275,4
1316,151,24,124,773,1
1317,230,4,219,755,1
1318,0,712,0,705,2
1319,192,0,298,781,1
1320,670,221,0,264,3
1321,0,793,0,741,2
1322,595,778,0,245,4
1323,563,751,0,199,4
1324,156,749,0,727,2
1325,155,263,11,750,1
1326,636,736,17,165,4
1327,22,708,0,694,2
1328,0,165,5,761,1
1329,99,0,19,802,1
1330,0,834,223,783,2
1331,0,814,0,738,2
1332,677,806,0,293,4
1333,0,195,0,748,1
1334,0,755,0,715,2
1335,193,748,0,724,2
1336,58,773,273,718,2
1337,57,775,184,743,2
1338,207,745,0,701,2
1339,210,755,0,720,2
1340,0,728,0,697,2
1342,178,0,77,746,1
1343,139,785,0,736,2
1344,160,674,0,674,2
1345,4,243,0,758,1
1346,180,0,10,745,1
1347,267,0,419,553,1
1348,59,0,267,731,1
1349,0,0,933,0,3
1350,95,122,24,744,1
1351,0,762,0,729,2
1352,239,0,104,775,1
1353,52,182,50,758,1
1354,168,54,22,718,1
1355,137,102,0,723,1
1356,29,778,0,725,2
1357,182,0,106,754,1
1358,120,725,0,693,2
1359,581,742,306,142,4
1360,226,100,317,585,1
1361,647,174,104,113,3
1362,241,142,603,765,1
1363,29,15,825,623,1
1364,0,802,0,729,2
1365,623,724,0,198,4
1366,0,785,19,733,2
1367,26,212,189,764,1
1368,0,802,0,752,2
1369,110,0,138,739,1
1370,676,0,355,215,3
1371,221,0,93,805,1
1372,276,0,372,771,1
1373,0,775,10,735,2
1374,619,721,0,275,4
1375,0,728,0,711,2
1376,187,0,166,754,1
1377,0,772,0,748,2
1378,589,722,177,212,4
1379,137,134,221,749,1
1380,0,241,50,731,1
1381,0,803,0,760,2
1382,339,0,564,268,3
1383,165,49,381,737,1
1384,659,34,224,8,3
1385,220,53,40,786,1
1386,3,802,0,757,2
1387,623,750,255,182,4
1388,0,674,0,664,2
1389,156,45,59,787,1
1390,628,716,50,250,4
1391,124,761,0,725,2
1392,75,601,1023,0,3
1393,16,152,113,711,1
1394,203,8,300,754,1
1395,58,175,72,760,1
1397,145,208,0,735,1
1398,0,222,0,729,1
1399,183,73,156,775,1
1400,159,0,89,739,1
1401,226,16,153,737,1
1402,21,88,77,774,1
1403,0,136,0,725,1
1404,628,755,500,0,4
1405,41,0,9,776,1
1406,120,722,131,701,2
1407,181,57,223,765,1
1408,152,306,0,726,1
1409,76,723,449,709,2
1410,271,29,148,821,1
1411,231,676,0,696,2
1412,0,788,26,741,2
1413,650,795,0,236,4
1414,631,785,0,65,4
1415,78,0,189,772,1
1416,230,0,0,734,1
1417,177,773,15,714,2
1418,178,0,214,787,1
1419,244,29,112,759,1
1420,0,770,491,733,2
1421,324,334,106,747,1
1422,171,179,235,765,1
1423,565,714,0,221,4
1424,0,732,0,730,2
1425,659,788,0,235,4
1426,655,804,303,140,4
1427,0,0,52,777,1
1428,61,14,108,792,1
1429,655,774,0,296,4
1430,0,804,26,759,2
1431,236,741,0,717,2
1432,67,756,0,712,2
1433,118,21,0,750,1
1434,48,734,0,719,2
1435,122,693,58,688,2
1436,0,735,235,706,2
1437,200,30,165,739,1
1438,93,790,0,741,2
1439,237,724,155,725,2
1440,0,162,66,762,1
1441,50,0,480,743,1
1442,0,780,0,741,2
1443,567,679,0,164,4
1444,124,642,0,587,2
1445,93,36,375,658,1
1446,223,262,303,666,1
1447,0,791,21,720,2
1448,622,746,373,163,4
1449,687,810,0,284,4
1450,49,768,0,741,2
1451,241,0,569,713,1
1452,155,93,18,753,1
1453,109,716,296,692,2
1454,603,762,29,293,4
1455,552,700,0,27,4
1456,209,215,0,818,1
1457,129,0,232,380,3
1458,50,142,0,748,1
1459,626,0,334,163,3
1460,0,753,106,711,2
1461,694,41,174,139,3
1462,25,217,111,750,1
1463,87,730,0,718,2
1464,239,73,0,744,1
1465,172,720,666,666,2
1466,19,749,0,710,2
1467,183,216,278,745,1
1468,658,806,81,127,4
1469,169,63,246,664,1
1470,3,760,265,730,2
1471,0,0,294,716,1
1472,140,63,96,724,1
1473,692,288,0,193,3
1474,0,739,0,706,2
1475,0,791,0,748,2
1476,644,781,0,298,4
1477,14,114,44,731,1
1478,655,289,23,225,3
1479,146,271,276,717,1
1480,0,65,15,729,1
1481,31,729,446,701,2
1482,0,764,0,743,2
1483,152,713,167,693,2
1484,207,0,253,760,1
1485,130,27,0,767,1
1486,91,137,93,736,1
1487,157,0,578,742,1
1488,249,236,371,679,1
1489,215,61,0,763,1
1490,235,21,69,737,1
1491,300,0,219,669,1
1492,0,772,0,750,2
1493,674,0,278,230,3
1494,641,783,0,218,4
1495,679,323,238,19,3
1496,215,0,358,759,1
1497,137,745,0,717,2
1498,0,766,110,742,2
1499,638,753,204,215,4
1500,0,758,0,723,2
1501,0,756,0,709,2
1502,124,0,67,747,1
1503,140,0,279,746,1
1504,59,179,175,721,1
1505,661,218,0,268,3
1506,0,11,180,746,1
1507,81,780,0,731,2
1508,627,762,0,48,4
1509,0,735,7,694,2
1510,0,699,390,687,2
1511,352,53,463,628,1
1512,215,771,118,704,2
1513,185,85,113,730,1
1514,666,786,0,91,4
1515,77,727,0,726,2
1516,639,755,193,207,4
1517,254,134,110,775,1
1518,59,0,882,200,3
1519,546,686,275,366,4
1520,538,717,0,249,4
1521,658,0,300,0,3
1522,113,0,101,773,1
1523,0,787,0,741,2
1524,0,59,97,787,1
1525,21,0,0,734,1
1526,224,774,0,753,2
1527,0,0,0,756,1
1528,160,218,0,750,1
1529,157,565,464,557,2
1530,149,158,65,747,1
1531,88,111,0,729,1
1532,633,751,181,277,4
1533,2,192,0,740,1
1534,141,169,0,760,1
1535,690,173,39,268,3
1536,322,207,434,687,1
1537,80,730,0,673,2
1538,0,818,0,749,2
1539,104,801,0,748,2
1540,52,757,159,721,2
1541,206,0,316,703,1
1542,239,0,845,657,1
1543,664,765,72,185,4
1544,147,0,280,737,1
1545,0,224,399,752,1
1546,108,0,38,760,1
1547,755,0,487,16,3
1548,26,761,0,703,2
1549,90,754,0,722,2
1550,85,153,21,768,1
1551,239,248,0,774,1
1552,0,3,494,760,1
1553,163,501,26,778,2
1554,100,0,262,745,1
1555,271,0,128,777,1
1556,0,232,1008,0,3
1557,175,48,104,771,1
1558,263,64,409,735,1
1559,170,765,6,746,2
1560,573,735,0,97,4
1561,638,677,224,270,4
1562,216,174,114,741,1
1563,614,682,0,138,4
1564,0,732,0,713,2
1565,133,0,95,801,1
1566,648,172,13,205,3
1567,0,808,82,786,2
1568,568,742,88,112,4
1569,27,736,0,713,2
1570,236,64,0,673,1
1571,682,770,58,242,4
1572,626,754,332,139,4
1573,131,152,0,766,1
1574,0,183,0,741,1
1575,5,0,225,766,1
1576,123,270,250,797,1
1577,159,711,0,677,2
1578,253,0,522,726,1
1579,0,51,856,628,1
1580,592,743,94,237,4
1581,0,745,0,705,2
1582,689,153,0,192,3
1583,60,0,203,725,1
1584,43,702,0,675,2
1585,231,0,13,742,1
1586,90,0,234,777,1
1587,233,135,0,827,1
1588,144,0,4,764,1
1589,106,109,0,728,1
1590,67,736,0,703,2
1591,0,760,0,734,2
1592,85,736,431,704,2
1593,355,100,513,653,1
1594,172,224,0,756,1
1595,145,0,0,743,1
1596,599,740,134,156,4
1597,689,0,299,143,3
1598,96,797,0,760,2
1599,207,0,806,560,1
1600,199,0,131,761,1
1601,668,239,0,141,3
1602,0,791,385,733,2
1603,162,770,0,689,2
1604,585,683,0,227,4
1605,12,245,95,743,1
1606,0,742,468,711,2
1607,149,0,51,765,1
1608,164,752,0,711,2
1609,228,257,70,762,1
1610,154,106,0,774,1
1611,158,754,0,720,2
1612,19,0,379,752,1
1613,91,762,0,734,2
1615,147,27,88,769,1
1616,339,256,389,684,1
1617,104,0,268,747,1
1618,124,756,0,722,2
1619,239,0,396,82,3
1620,604,756,0,191,4
1621,93,764,402,733,2
1622,0,22,368,725,1
1623,207,127,0,720,1
1624,133,806,0,742,2
1625,209,727,200,690,2
1626,69,733,368,690,2
1627,647,143,265,0,3
1628,88,68,148,729,1
1629,208,178,0,747,1
1630,700,255,0,224,3
1631,640,769,0,255,4
1632,55,721,0,724,2
1633,139,811,473,792,2
1634,127,165,0,746,1
1635,624,755,0,67,4
1636,713,0,40,159,3
1637,644,0,22,256,3
1638,645,744,0,244,4
1639,67,0,61,722,1
1640,162,0,465,729,1
1641,198,175,0,747,1
1642,623,740,0,201,4
1643,540,656,126,167,4
1644,129,749,0,710,2
1645,165,210,186,733,1
1646,0,57,43,730,1
1647,653,206,160,193,3
1648,267,3,375,291,3
1649,658,0,669,0,3
1650,116,681,0,687,2
1651,40,782,195,746,2
1652,117,164,122,750,1
1653,144,0,72,323,3
1654,169,0,241,741,1
1655,181,32,486,698,1
1656,74,712,198,704,2
1657,178,219,0,737,1
1658,0,778,66,720,2
1659,0,784,0,734,2
1660,57,746,0,709,2
1661,105,0,106,748,1
1662,0,756,0,718,2
1663,748,184,147,79,3
1664,151,673,0,676,2
1665,124,583,0,669,2
1666,8,191,85,752,1
1667,98,758,2,724,2
1668,582,773,21,134,4
1669,670,0,502,64,3
1670,60,811,0,774,2
1671,0,778,0,710,2
1672,182,0,0,748,1
1673,579,684,0,184,4
1674,0,706,32,702,2
1675,93,0,275,763,1
1676,168,771,0,715,2
1677,652,139,209,254,3
1678,233,0,36,750,1
1679,0,738,0,712,2
1680,236,83,333,596,1
1681,625,784,17,215,4
1682,88,721,0,715,2
1683,56,734,0,720,2
1684,68,85,76,755,1
1685,219,750,342,720,2
1686,28,0,16,752,1
1687,72,298,249,687,1
1688,22,250,89,753,1
1689,662,748,61,216,4
1690,608,728,10,243,4
1691,351,0,751,0,3
1692,0,705,0,676,2
1693,146,707,1,670,2
1694,228,112,0,751,1
1695,36,221,121,774,1
1696,46,742,0,707,2
1697,142,731,95,689,2
1698,43,775,0,732,2
1699,0,791,0,729,2
1700,653,784,0,111,4
1701,244,0,248,786,1
1702,224,314,0,755,1
1703,37,745,0,723,2
1704,269,0,128,782,1
1705,46,197,11,742,1
1706,0,757,0,727,2
1707,215,143,0,730,1
1708,146,0,0,758,1
1709,173,717,0,678,2
1710,648,795,10,197,4
1711,0,761,59,711,2
1712,103,3,269,630,1
1713,128,50,0,776,1
1714,204,51,0,762,1
1715,50,5,0,712,1
1716,81,749,0,706,2
1717,658,0,479,51,3
1718,76,732,0,724,2
1719,247,0,415,706,1
1720,194,121,149,763,1
1721,117,787,119,779,2
1722,118,757,0,711,2
1723,228,135,0,728,1
1724,98,63,247,713,1
1725,200,199,0,755,1
1726,602,714,0,241,4
1727,657,101,0,0,3
1728,113,752,220,725,2
1729,621,767,0,112,4
1730,413,0,931,0,3
1731,165,28,0,705,1
1732,607,760,0,262,4
1733,0,121,19,755,1
1734,2,784,0,742,2
1735,27,791,0,724,2
1736,292,312,335,718,1
1737,201,0,266,677,1
1738,155,747,32,719,2
1739,17,715,0,688,2
1740,20,737,7,713,2
1741,668,134,165,221,3
1742,57,738,194,726,2
1743,118,744,0,712,2
1744,199,55,266,748,1
1745,196,0,233,713,1
1746,0,674,0,667,2
1747,158,733,172,736,2
1748,0,209,46,749,1
1749,74,144,0,723,1
1750,100,153,0,776,1
1751,203,130,250,780,1
1752,624,759,0,273,4
1753,120,0,333,754,1
1754,149,0,489,728,1
1755,64,668,110,649,2
1756,681,213,0,0,3
1757,53,177,74,730,1
1758,641,758,153,249,4
1759,87,742,0,729,2
1760,131,4,94,767,1
1761,82,774,0,751,2
1762,571,655,0,0,4
1763,202,212,57,701,1
1764,220,199,15,772,1
1765,174,0,260,780,1
1766,178,95,105,778,1
1767,216,242,89,795,1
1768,86,709,0,689,2
1769,41,778,0,739,2
1770,226,0,163,759,1
1771,635,176,291,187,3
1772,622,757,272,61,4
1773,81,127,0,722,1
1774,0,749,93,736,2
1775,170,694,0,728,2
1776,622,770,0,43,4
1777,165,759,0,723,2
1779,516,664,251,27,4
1780,24,251,0,767,1
1781,675,24,33,212,3
1782,202,0,373,792,1
1783,173,685,90,675,2
1784,0,73,240,753,1
1785,0,788,0,744,2
1786,259,0,509,727,1
1787,134,0,194,759,1
1788,108,107,29,733,1
1789,193,766,84,733,2
1790,677,0,261,206,3
1791,703,203,0,44,3
1792,54,166,0,732,1
1793,306,340,341,719,1
1794,145,0,253,781,1
1795,70,137,335,720,1
1796,84,0,302,720,1
1797,0,61,121,744,1
1798,668,136,152,162,3
1799,644,38,317,201,3
1800,646,0,483,6,3
1801,128,0,573,722,1
1802,67,125,137,729,1
1803,613,774,0,238,4
1804,44,0,64,769,1
1805,158,144,0,759,1
1806,75,646,21,601,2
1807,97,776,170,727,2
1808,0,693,185,654,2
1809,69,210,160,750,1
1810,0,718,69,697,2
1811,0,59,345,747,1
1812,0,794,0,742,2
1813,649,165,256,208,3
1814,218,155,0,778,1
1815,238,24,14,743,1
1816,189,7,41,738,1
1817,169,166,0,768,1
1818,210,0,0,768,1
1819,100,118,358,686,1
1820,67,741,241,724,2
1821,63,804,0,760,2
1822,53,775,68,726,2
1823,107,171,0,735,1
1824,622,722,96,229,4
1825,484,290,350,105,3
1826,660,789,0,147,4
1827,605,703,0,233,4
1828,108,138,0,729,1
1829,113,0,3,735,1
1830,0,768,0,718,2
1831,203,0,375,728,1
1832,645,205,0,232,3
1833,557,698,177,186,4
1834,130,225,203,340,3
1835,0,751,0,718,2
1836,110,164,102,757,1
1837,0,53,167,742,1
1838,122,212,7,722,1
1839,0,0,901,0,3
1840,145,134,202,710,1
1841,223,88,73,670,1
1842,124,742,0,701,2
1843,630,733,0,272,4
1844,234,716,0,702,2
1845,253,31,180,763,1
1846,275,207,345,677,1
1847,244,0,70,770,1
1848,30,800,21,758,2
1849,0,753,17,711,2
1850,100,0,228,742,1
1851,156,0,0,753,1
1852,116,157,32,756,1
1853,144,0,388,719,1
1854,83,779,0,751,2
1855,596,746,0,147,4
1856,248,235,243,667,1
1857,610,693,106,199,4
1858,614,746,241,232,4
1859,179,240,373,749,1
1860,669,0,238,239,3
1861,155,755,133,722,2
1862,202,712,0,690,2
1863,0,0,388,722,1
1864,141,120,0,754,1
1865,158,0,0,760,1
1866,120,676,0,651,2
1867,71,0,95,762,1
1868,641,743,0,205,4
1869,0,767,0,709,2
1870,105,99,40,739,1
1871,415,233,459,134,3
1872,618,730,323,188,4
1873,98,700,351,693,2
1874,629,767,32,239,4
1875,200,151,96,755,1
1876,679,823,366,187,4
1877,237,0,380,766,1
1878,6,778,0,749,2
1879,162,0,0,742,1
1880,104,141,0,787,1
1881,172,785,0,714,2
1882,137,706,0,707,2
1883,201,730,0,692,2
1884,710,0,736,702,1
1885,637,746,0,0,4
1886,124,155,0,753,1
1887,87,234,279,717,1
1888,264,19,778,502,1
1889,65,158,294,754,1
1890,252,183,81,791,1
1891,86,644,110,590,2
1892,0,749,0,717,2
1893,66,776,0,753,2
1894,5,726,0,743,2
1895,86,160,157,301,3
1896,262,721,0,700,2
1897,280,141,194,780,1
1898,76,737,0,720,2
1899,0,789,0,741,2
1900,639,751,32,73,4
1901,648,52,6,59,3
1902,203,175,16,797,1
1903,0,816,0,737,2
1904,635,739,93,200,4
1905,109,650,334,540,2
1906,0,750,56,738,2
1907,103,762,0,741,2
1908,0,714,716,701,2
1909,0,732,68,728,2
1910,671,0,52,0,3
1911,218,0,97,755,1
1912,174,0,54,775,1
1913,662,0,312,233,3
1914,0,760,226,709,2
1915,148,0,357,765,1
1916,140,0,161,734,1
1917,624,792,0,209,4
1918,32,249,61,733,1
1919,276,2,0,763,1
1920,147,673,0,693,2
1921,641,740,155,62,4
1922,105,731,0,727,2
1923,214,802,0,691,2
1924,252,0,412,374,3
1925,679,0,238,105,3
1926,154,0,0,741,1
1927,0,782,0,728,2
1928,149,0,53,749,1
1929,31,795,114,747,2
1930,0,800,389,754,2
1931,143,149,0,732,1
1932,160,0,521,703,1
1933,80,737,349,706,2
1934,115,0,0,752,1
1935,220,0,233,742,1
1936,0,0,938,0,3
1937,121,0,350,743,1
1938,0,803,0,748,2
1939,43,54,59,743,1
1940,183,57,0,775,1
1941,29,720,311,705,2
1942,90,0,113,723,1
1943,223,25,59,736,1
1944,197,145,59,768,1
1945,58,234,70,740,1
1946,0,733,484,701,2
1947,0,0,61,749,1
1948,583,720,0,194,4
1949,0,740,591,701,2
1950,264,0,367,722,1
1951,106,735,0,725,2
1952,175,0,269,729,1
1953,42,803,353,750,2
1954,110,128,0,744,1
1955,132,803,74,756,2
1956,82,755,143,726,2
1957,606,719,295,181,4
1958,84,737,0,698,2
1959,97,749,0,690,2
1960,152,730,126,703,2
1961,197,766,0,735,2
1962,77,723,0,702,2
1963,659,233,0,211,3
1964,638,231,136,203,3
1965,0,738,89,724,2
1966,2,739,26,676,2
1967,0,774,0,730,2
1968,0,0,265,718,1
1969,171,0,259,751,1
1970,146,0,47,737,1
1971,0,777,0,715,2
1972,191,701,27,700,2
1973,591,762,41,26,4
1974,56,715,480,718,2
1975,543,708,0,115,4
1976,154,163,0,769,1
1977,231,717,0,695,2
1978,56,219,0,719,1
1979,116,806,0,753,2
1980,142,135,156,735,1
1981,629,756,0,184,4
1982,648,0,308,216,3
1983,234,728,153,696,2
1984,0,7,210,739,1
1985,182,101,85,748,1
1986,0,776,0,748,2
1987,94,765,0,717,2
1988,240,273,0,774,1
1989,780,312,106,240,3
1990,95,145,204,699,1
1991,240,0,173,750,1
1992,0,759,253,731,2
1993,53,0,335,745,1
1994,72,764,205,705,2
1995,86,737,4,714,2
1996,57,135,0,746,1
1997,182,187,164,754,1
1998,686,268,141,193,3
1999,46,0,0,755,1
2000,604,187,449,242,3
2001,79,729,0,725,2
2002,120,716,353,696,2
2003,696,266,95,223,3
2004,247,189,0,781,1
2005,168,0,183,783,1
2006,127,765,114,747,2
2007,63,0,254,731,1
2008,170,691,81,687,2
2009,10,675,257,644,2
2010,75,781,296,738,2
2011,0,741,0,734,2
2012,683,821,210,252,4
2013,68,725,0,682,2
2014,110,694,156,690,2
2015,636,772,0,177,4
2016,32,708,0,684,2
2017,53,0,183,753,1
2018,0,758,0,755,2
2019,599,760,0,153,4
2020,104,731,0,700,2
2021,194,104,103,699,1
2022,671,154,0,153,3
2023,651,816,93,259,4
2024,98,0,844,309,3
2025,638,93,122,194,3
2026,161,220,0,747,1
2027,174,196,31,722,1
2028,0,106,0,738,1
2029,23,810,0,761,2
2030,275,0,619,662,1
2031,0,753,0,718,2
2032,0,219,0,753,1
2033,0,751,0,713,2
2034,151,60,25,677,1
2035,673,158,104,218,3
2036,186,195,0,750,1
2037,62,0,252,754,1
2038,597,743,79,185,4
2039,581,746,354,59,4
2040,688,822,65,333,4
2041,158,693,171,687,2
2042,100,0,245,763,1
2043,223,0,58,723,1
2044,0,736,0,708,2
2045,223,161,86,757,1
2046,13,751,0,704,2
2047,0,771,0,739,2
2048,10,176,0,735,1
2049,255,0,167,340,3
2050,0,765,0,707,2
2051,71,9,11,785,1
2052,194,0,0,768,1
2053,133,739,505,706,2
2054,644,808,77,162,4
2055,0,756,0,706,2
2056,42,709,21,691,2
2057,627,763,147,218,4
2058,645,302,0,66,3
2059,163,738,51,704,2
2060,209,17,137,739,1
2061,661,174,329,0,3
2062,734,0,463,0,3
2063,37,202,245,752,1
2064,245,0,36,767,1
2065,694,11,362,74,3
2066,665,0,313,234,3
2067,0,729,177,686,2
2068,118,185,218,744,1
2069,184,128,132,753,1
2070,94,0,412,734,1
2071,129,0,519,724,1
2072,377,0,542,760,1
2073,99,0,433,705,1
2074,135,28,335,743,1
2075,235,0,587,733,1
2076,630,791,0,229,4
2077,113,727,75,707,2
2078,298,138,502,689,1
2079,204,155,0,774,1
2080,146,143,0,745,1
2081,285,150,0,756,1
2082,87,190,0,752,1
2083,618,770,0,238,4
2084,636,749,66,189,4
2085,220,185,0,745,1
2086,81,691,0,696,2
2087,28,9,0,733,1
2088,607,746,292,267,4
2089,231,4,0,748,1
2090,41,174,83,780,1
2091,98,223,236,734,1
2092,589,739,106,98,4
2093,0,774,0,744,2
2094,81,0,295,721,1
2095,213,0,233,734,1
2096,214,0,560,715,1
2097,636,768,146,177,4
2098,131,812,0,769,2
2100,143,151,186,741,1
2101,177,0,200,775,1
2102,227,746,225,731,2
2103,29,768,151,714,2
2104,0,677,247,664,2
2105,248,173,0,745,1
2106,0,721,0,713,2
2107,639,782,0,167,4
2108,572,757,10,764,2
2109,25,281,19,781,1
2110,245,156,232,716,1
2111,141,0,24,728,1
2112,0,751,73,720,2
2113,537,673,53,213,4
2114,646,91,252,24,3
2115,231,114,85,742,1
2116,326,0,584,661,1
2117,0,810,0,768,2
2118,108,761,0,714,2
2119,35,713,472,699,2
2120,137,151,161,738,1
2121,158,112,110,750,1
2122,652,252,0,250,3
2123,166,0,114,767,1
2124,0,790,84,737,2
2125,123,736,27,708,2
2126,662,788,0,75,4
2127,0,741,14,725,2
2128,248,0,205,766,1
2129,11,19,112,777,1
2130,4,778,185,728,2
2131,233,608,0,595,2
2132,109,85,223,754,1
2133,75,0,219,720,1
2134,0,732,0,701,2
2135,149,0,215,734,1
2136,122,0,7,786,1
2137,0,0,33,766,1
2138,677,2,72,0,3
2139,134,699,0,706,2
2140,257,2,190,776,1
2141,213,750,15,704,2
2142,601,700,0,133,4
2143,66,754,0,710,2
2144,86,0,93,755,1
2145,0,762,0,751,2
2146,0,722,0,700,2
2147,230,165,231,767,1
2148,128,19,111,767,1
2149,583,759,0,93,4
2150,700,105,88,176,3
2151,625,784,0,161,4
2152,111,693,142,647,2
2153,653,242,24,203,3
2154,166,0,43,761,1
2155,132,727,0,709,2
2156,667,0,199,290,3
2157,205,771,673,727,2
2158,149,0,422,764,1
2159,215,736,0,708,2
2160,66,651,391,662,2
2161,240,0,520,754,1
2162,296,774,579,689,2
2163,319,0,599,703,1
2164,213,0,525,731,1
2165,219,0,582,680,1
2167,666,826,406,260,4
2168,0,780,0,735,2
2169,410,76,773,0,3
2170,238,244,401,733,1
2171,707,256,214,32,3
2172,112,241,440,733,1
2173,132,0,272,730,1
2174,671,50,327,253,3
2175,86,783,200,759,2
2176,165,170,0,786,1
2177,661,29,239,269,3
2178,0,739,4,715,2
2179,196,780,317,747,2
2180,214,141,337,748,1
2181,574,647,236,263,4
2182,237,0,59,741,1
2183,26,0,48,758,1
2184,215,170,106,706,1
2185,174,0,294,759,1
2186,48,258,0,774,1
2187,85,740,242,729,2
2188,73,0,50,765,1
2189,614,781,0,166,4
2190,131,94,281,355,3
2191,0,182,0,672,1
2192,660,349,0,265,3
2193,640,175,0,231,3
2194,7,0,7,760,1
2195,661,141,0,140,3
2196,48,114,0,780,1
2197,225,728,0,688,2
2198,0,31,917,542,1
2199,459,625,0,197,4
2200,562,271,295,66,3
2201,0,762,0,725,2
2202,353,0,374,662,1
2203,98,168,3,318,3
2204,137,759,188,708,2
2205,72,7,0,741,1
2206,97,758,31,727,2
2207,249,0,0,775,1
2208,147,96,141,743,1
2209,107,231,0,719,1
2210,0,769,0,747,2
2211,0,775,0,743,2
2212,84,0,194,753,1
2213,675,803,79,142,4
2214,226,99,232,647,1
2215,320,0,429,645,1
2216,228,751,0,709,2
2217,286,641,693,631,2
2218,12,0,33,786,1
2219,0,794,83,759,2
2220,0,772,0,751,2
2221,630,54,323,217,3
2222,155,0,18,751,1
2223,198,0,18,757,1
2224,34,0,36,771,1
2225,190,0,377,713,1
2226,201,6,0,744,1
2227,628,756,34,143,4
2228,72,175,16,744,1
2229,0,726,86,695,2
2230,0,0,134,756,1
2231,0,743,291,710,2
2232,58,134,51,739,1
2233,199,694,390,677,2
2234,44,746,0,714,2
2235,213,0,80,755,1
2236,37,740,0,744,2
2237,186,222,212,749,1
2238,212,225,0,759,1
2239,185,122,55,713,1
2240,202,708,640,673,2
2241,197,0,54,729,1
2242,0,38,80,726,1
2243,88,171,16,770,1
2244,0,730,0,704,2
2245,557,736,0,148,4
2246,38,703,0,689,2
2247,182,6,69,759,1
2248,633,211,176,224,3
2249,187,0,194,759,1
2250,21,743,0,682,2
2251,24,791,227,743,2
2252,199,0,350,383,3
2253,598,737,125,156,4
2254,22,750,0,725,2
2255,96,761,76,716,2
2256,240,10,365,643,1
2257,0,766,0,718,2
2258,201,0,0,806,1
2259,78,91,94,731,1
2260,65,49,136,707,1
2261,259,753,1,742,2
2262,619,0,502,313,3
2263,207,521,289,751,2
2264,174,739,0,718,2
2265,64,720,0,672,2
2266,0,772,0,728,2
2267,127,756,116,715,2
2269,173,0,54,755,1
2270,139,0,30,761,1
2271,0,763,0,726,2
2272,0,45,194,745,1
2273,117,733,0,704,2
2274,334,0,547,664,1
2275,0,717,0,688,2
2276,42,761,102,705,2
2277,116,708,17,701,2
2278,654,348,210,190,3
2279,126,0,435,748,1
2280,30,106,0,738,1
2281,91,0,0,777,1
2282,205,227,421,698,1
2283,599,767,64,154,4
2284,0,0,0,743,1
2285,171,0,124,769,1
2286,190,0,404,730,1
2287,131,118,0,773,1
2288,55,0,0,726,1
2289,92,715,0,682,2
2290,71,0,259,737,1
2291,128,791,0,738,2
2292,135,774,0,728,2
2293,113,78,0,746,1
2294,132,136,3,754,1
2295,0,764,0,735,2
2296,0,665,1015,0,3
2297,0,719,0,693,2
2298,0,753,328,727,2
2299,42,156,80,757,1
2300,572,748,217,224,4
2301,148,744,0,696,2
2302,0,732,134,698,2
2303,166,751,0,726,2
2304,219,0,179,740,1
2305,53,775,117,758,2
2306,0,253,991,0,3
2307,600,711,56,241,4
2308,70,0,495,97,3
2309,0,45,48,745,1
2310,19,733,0,713,2
2311,85,0,178,714,1
2312,224,84,245,701,1
2313,0,0,182,748,1
2314,708,0,389,178,3
2315,616,723,47,152,4
2316,217,133,0,752,1
2317,0,404,1001,0,3
2318,105,0,139,718,1
2319,188,794,0,741,2
2320,4,809,0,721,2
2321,48,754,0,709,2
2322,199,624,619,629,2
2323,230,58,45,784,1
2324,137,0,265,731,1
2325,86,729,38,704,2
2326,0,813,0,772,2
2327,0,724,0,704,2
2329,196,0,103,748,1
2330,33,0,0,744,1
2331,569,726,0,142,4
2332,661,187,0,111,3
2333,164,773,0,732,2
2334,274,216,332,688,1
2335,101,0,172,726,1
2336,327,98,0,123,3
2337,224,0,475,769,1
2338,105,0,527,738,1
2339,0,804,26,744,2
2340,125,160,228,735,1
2341,96,214,200,739,1
2342,189,37,0,762,1
2343,75,757,612,724,2
2344,675,788,0,200,4
2345,675,60,268,102,3
2346,191,0,287,727,1
2347,601,732,0,120,4
2348,117,0,13,729,1
2349,730,208,40,114,3
2350,6,725,0,700,2
2351,203,287,0,763,1
2352,0,232,197,738,1
2353,738,229,69,182,3
2354,57,0,59,759,1
2355,0,0,205,739,1
2356,61,28,0,717,1
2357,631,783,0,205,4
2358,211,106,0,771,1
2359,237,31,188,745,1
2360,4,126,27,758,1
2361,0,756,0,721,2
2362,0,757,0,710,2
2363,170,32,0,773,1
2364,249,249,0,283,3
2365,145,202,31,763,1
2366,230,212,0,721,1
2367,207,89,0,780,1
2368,237,178,7,732,1
2369,137,33,157,745,1
2370,201,0,346,744,1
2371,0,643,55,599,2
2372,81,676,11,606,2
2373,0,217,255,734,1
2374,37,819,0,771,2
2375,183,785,0,748,2
2376,653,84,139,208,3
2377,136,0,17,733,1
2378,71,65,37,754,1
2379,187,813,26,777,2
2380,178,761,0,727,2
2381,646,767,83,283,4
2382,610,199,126,229,3
2383,92,12,25,782,1
2384,245,706,0,684,2
2385,141,775,0,711,2
2386,181,767,0,735,2
2387,166,26,0,766,1
2388,173,729,0,697,2
2389,19,718,0,706,2
2390,55,706,0,730,2
2391,144,163,30,724,1
2392,594,716,74,70,4
2393,192,63,77,706,1
2394,111,743,0,708,2
2395,198,670,0,634,2
2396,87,202,51,765,1
2397,13,743,0,706,2
2398,131,123,0,780,1
2399,96,739,0,725,2
2400,125,137,19,753,1
2401,94,0,9,756,1
2402,667,138,227,188,3
2403,159,70,401,743,1
2404,120,670,4,609,2
2405,0,806,0,750,2
2406,665,1,396,209,3
2407,234,7,0,800,1
2408,0,780,0,744,2
2409,108,820,239,765,2
2410,89,744,195,728,2
2411,120,104,271,760,1
2412,211,220,0,754,1
2413,238,0,217,797,1
2414,177,0,92,740,1
2415,179,0,106,726,1
2416,152,205,36,763,1
2417,641,743,0,72,4
2418,203,168,261,735,1
2419,631,769,0,246,4
2420,0,806,0,735,2
2421,707,0,64,199,3
2422,0,786,0,762,2
2423,659,798,0,277,4
2424,70,725,0,678,2
2425,145,118,161,778,1
2426,681,105,0,185,3
2427,533,66,426,187,3
2428,192,216,43,760,1
2429,671,754,127,211,4
2430,0,284,1001,0,3
2431,0,0,39,755,1
2432,268,0,149,729,1
2433,227,0,0,737,1
2434,29,33,243,719,1
2436,668,269,0,161,3
2437,665,272,136,164,3
2438,11,733,112,693,2
2439,94,756,0,710,2
2440,183,167,246,724,1
2441,112,0,126,764,1
2442,229,774,0,710,2
2443,181,702,0,693,2
2444,119,121,182,695,1
2445,217,138,3,779,1
2446,210,753,27,720,2
2447,138,0,255,728,1
2448,16,727,0,675,2
2450,209,0,136,736,1
2451,640,777,0,225,4
2452,593,701,8,252,4
2453,640,780,0,179,4
2454,0,771,0,745,2
2455,0,757,0,718,2
2456,176,630,0,758,2
2457,268,218,0,789,1
2458,95,64,170,739,1
2459,0,773,0,718,2
2460,149,0,87,740,1
2461,51,707,0,700,2
2462,45,761,303,707,2
2463,154,770,0,751,2
2464,148,769,54,735,2
2465,626,0,367,13,3
2466,575,737,18,37,4
2467,148,74,0,740,1
2468,167,527,436,654,2
2469,684,53,421,264,3
2470,178,24,383,732,1
2471,0,785,0,741,2
2472,103,0,66,774,1
2473,98,0,178,741,1
2474,124,728,181,686,2
2475,101,167,0,724,1
2476,643,750,0,199,4
2477,112,819,89,774,2
2478,111,776,18,732,2
2479,101,712,109,686,2
2480,288,0,611,667,1
2481,240,86,139,736,1
2482,645,805,56,219,4
2483,190,775,0,727,2
2484,148,40,25,757,1
2485,134,0,337,753,1
2486,47,0,18,756,1
2487,0,766,0,724,2
2488,111,114,175,742,1
2489,707,315,0,202,3
2490,0,0,46,708,1
2491,719,53,443,0,3
2492,36,0,479,764,1
2493,22,0,169,759,1
2495,104,50,0,750,1
2496,697,800,251,163,4
2497,0,742,0,684,2
2498,103,0,249,748,1
2499,143,1,160,763,1
2500,0,72,165,735,1
2501,721,799,79,227,4
2502,173,112,118,726,1
2503,665,209,228,252,3
2504,236,248,0,303,3
2505,0,610,498,563,2
2506,209,0,834,279,3
2507,234,772,154,718,2
2508,34,715,0,710,2
2509,667,9,65,170,3
2510,610,763,0,202,4
2511,624,774,0,179,4
2512,177,62,0,752,1
2513,615,729,0,190,4
2514,5,724,7,699,2
2515,0,652,299,622,2
2516,196,31,0,767,1
2517,0,685,21,685,2
2518,638,748,71,227,4
2519,212,757,67,735,2
2520,606,736,0,202,4
2521,217,0,259,777,1
2522,0,757,0,702,2
2523,101,778,0,737,2
2524,193,774,61,724,2
2525,664,19,315,45,3
2526,92,750,0,700,2
2527,116,766,26,738,2
2528,53,0,106,752,1
2529,95,22,93,740,1
2530,0,769,0,683,2
2531,668,73,8,182,3
2532,188,0,30,770,1
2533,181,26,187,737,1
2534,260,0,136,769,1
2535,18,105,241,764,1
2536,5,0,170,730,1
2537,194,656,0,720,2
2538,98,292,107,673,1
2539,270,129,208,666,1
2540,617,729,0,270,4
2541,109,173,15,694,1
2542,94,703,359,680,2
2543,597,351,325,48,3
2544,22,729,0,673,2
2545,587,731,0,78,4
2546,179,790,0,730,2
2547,26,52,183,763,1
2548,0,729,120,699,2
2549,723,85,0,134,3
2550,234,0,594,741,1
2551,19,0,41,758,1
2552,724,26,240,264,3
2553,672,804,0,139,4
2554,19,0,50,722,1
2555,229,147,0,719,1
2556,217,729,174,715,2
2557,693,1,287,0,3
2558,619,758,60,61,4
2559,134,123,48,755,1
2560,123,88,0,766,1
2561,215,736,0,701,2
2562,95,0,51,781,1
2563,645,0,416,207,3
2564,0,823,0,753,2
2565,236,713,176,689,2
2566,0,749,120,722,2
2567,150,77,0,723,1
2568,0,769,0,718,2
2569,660,215,0,207,3
2570,74,67,20,737,1
2571,0,740,0,694,2
2572,196,93,241,640,1
2573,236,0,218,766,1
2574,173,763,0,744,2
2575,117,0,230,746,1
2576,39,58,0,704,1
2577,74,814,61,741,2
2578,0,723,698,702,2
2579,75,254,193,698,1
2580,203,75,403,753,1
2581,0,659,96,628,2
2582,90,0,274,724,1
2583,160,0,104,768,1
2584,158,82,127,739,1
2585,0,622,94,614,2
2586,288,0,0,758,1
2587,22,0,13,753,1
2588,184,0,30,774,1
2589,103,116,162,708,1
2590,618,710,0,43,4
2591,625,767,174,154,4
2592,85,728,44,698,2
2593,0,774,0,743,2
2594,299,45,25,726,1
2595,60,763,0,741,2
2596,0,762,103,726,2
2597,113,249,0,760,1
2598,146,769,1,722,2
2599,202,204,71,770,1
2600,52,51,104,747,1
2601,238,0,67,761,1
2602,235,92,583,740,1
2603,9,750,172,714,2
2604,36,226,0,756,1
2605,190,40,0,780,1
2606,611,755,372,54,4
2607,638,776,41,259,4
2608,582,750,0,269,4
2609,0,755,131,716,2
2610,171,166,0,772,1
2611,232,0,163,739,1
2612,106,726,22,716,2
2613,267,99,84,774,1
2614,102,749,0,706,2
2615,106,120,270,771,1
2616,215,0,120,761,1
2617,0,712,380,700,2
2618,689,814,11,256,4
2619,153,264,0,730,1
2620,680,111,323,139,3
2621,0,754,0,729,2
2622,68,728,89,714,2
2623,78,63,0,797,1
2624,0,721,0,718,2
2625,0,718,0,720,2
2626,90,672,133,634,2
2627,220,78,0,760,1
2628,162,196,330,687,1
2629,121,105,41,723,1
2630,81,197,0,719,1
2631,604,750,3,224,4
2632,657,0,479,123,3
2633,180,66,120,739,1
2634,81,113,95,750,1
2635,727,308,0,242,3
2636,111,792,0,763,2
2637,0,789,346,731,2
2638,581,730,0,211,4
2639,0,694,0,691,2
2640,65,764,0,728,2
2641,146,181,269,682,1
2642,93,744,0,726,2
2643,684,774,0,257,4
2644,619,751,262,303,4
2645,180,0,4,740,1
2646,35,747,0,720,2
2647,195,0,238,339,3
2648,132,39,417,738,1
2649,90,743,0,738,2
2650,182,193,0,799,1
2651,157,11,201,740,1
2652,240,11,0,762,1
2653,184,756,0,709,2
2654,86,680,130,673,2
2655,590,741,15,198,4
2656,740,46,44,148,3
2657,659,772,0,264,4
2658,251,165,107,783,1
2659,67,738,370,721,2
2660,186,180,66,760,1
2661,134,0,383,721,1
2662,213,0,450,784,1
2663,39,129,0,726,1
2664,0,769,0,744,2
2665,174,218,131,725,1
2666,201,0,0,743,1
2667,0,772,29,717,2
2668,0,26,0,767,1
2669,0,148,122,762,1
2670,634,136,0,146,3
2671,639,0,821,0,3
2672,20,0,502,709,1
2673,275,149,559,315,3
2674,130,92,2,778,1
2675,218,159,24,762,1
2676,320,0,871,0,3
2677,0,744,0,715,2
2678,720,184,0,123,3
2679,44,758,0,732,2
2680,98,731,112,717,2
2681,0,752,9,719,2
2682,102,731,45,722,2
2683,201,0,81,804,1
2684,125,93,242,756,1
2685,24,741,0,702,2
2686,244,739,0,718,2
2687,213,56,124,762,1
2688,178,133,67,751,1
2689,0,752,0,737,2
2690,373,0,633,621,1
2691,100,818,17,833,2
2692,57,0,0,741,1
2693,46,721,0,707,2
2694,0,0,123,759,1
2695,652,776,0,179,4
2696,0,0,105,763,1
2697,98,23,258,745,1
2698,680,229,0,221,3
2699,224,159,68,770,1
2700,156,21,64,742,1
2701,0,750,0,721,2
2702,108,785,52,721,2
2703,157,174,0,742,1
2704,207,55,0,745,1
2705,144,659,10,595,2
2706,663,0,257,215,3
2707,688,44,19,195,3
2708,567,734,242,260,4
2709,224,767,0,721,2
2710,648,746,59,328,4
2711,31,760,0,708,2
2712,145,0,0,725,1
2713,226,67,0,784,1
2714,175,789,214,741,2
2715,151,766,59,731,2
2716,641,0,38,140,3
2717,13,738,95,711,2
2718,206,0,0,758,1
2719,71,0,0,766,1
2720,699,207,149,151,3
2721,155,0,145,754,1
2722,669,171,0,259,3
2723,47,726,135,708,2
2724,580,557,302,170,4
2725,103,0,158,713,1
2726,0,759,0,735,2
2727,9,33,196,729,1
2728,0,752,0,716,2
2729,0,0,0,762,1
2730,64,749,0,722,2
2731,168,770,73,738,2
2732,660,0,242,236,3
2733,0,13,400,735,1
2734,213,745,38,723,2
2735,681,808,0,226,4
2736,120,728,107,711,2
2737,148,37,189,715,1
2738,75,830,0,783,2
2739,206,52,96,756,1
2740,54,740,37,703,2
2741,20,38,59,777,1
2742,74,9,0,740,1
2743,145,0,292,724,1
2744,0,769,50,712,2
2745,751,62,212,116,3
2746,582,675,516,116,4
2747,650,665,444,239,4
2748,640,751,0,273,4
2749,62,0,248,690,1
2750,7,63,0,736,1
2751,122,175,126,747,1
2752,0,780,0,733,2
2753,150,53,0,752,1
2754,0,719,223,706,2
2755,152,127,115,792,1
2756,164,141,254,690,1
2757,0,77,157,714,1
2758,174,732,0,712,2
2759,227,0,320,626,1
2760,701,138,214,220,3
2761,53,0,0,810,1
2762,0,230,0,747,1
2763,122,75,47,748,1
2764,0,721,0,708,2
2765,9,754,0,712,2
2766,193,0,134,750,1
2767,22,726,0,677,2
2768,636,792,37,211,4
2769,48,91,201,737,1
2770,100,0,274,751,1
2771,0,783,65,692,2
2772,0,797,0,731,2
2773,177,705,0,681,2
2774,25,0,91,735,1
2775,640,148,230,174,3
2776,732,844,176,268,4
2777,232,598,3,588,2
2778,64,213,174,699,1
2779,156,703,0,703,2
2780,51,762,0,689,2
2781,607,719,485,0,4
2782,0,134,371,698,1
2783,668,248,0,153,3
2784,59,776,145,738,2
2785,0,714,0,681,2
2786,187,124,269,610,1
2787,122,803,0,750,2
2788,169,206,0,748,1
2789,648,111,132,231,3
2790,687,0,388,200,3
2791,25,729,0,697,2
2792,213,80,214,760,1
2793,109,144,0,774,1
2794,204,0,0,756,1
2795,64,0,0,739,1
2796,113,723,41,700,2
2797,141,0,133,784,1
2798,0,687,273,679,2
2799,662,3,365,346,3
2800,639,769,0,162,4
2801,658,786,0,232,4
2802,39,748,0,714,2
2803,239,0,13,767,1
2804,679,173,74,165,3
2805,101,0,170,750,1
2806,50,663,0,622,2
2807,215,769,0,719,2
2808,613,718,0,70,4
2809,0,763,0,705,2
2810,62,705,0,716,2
2811,77,25,0,774,1
2812,14,761,104,718,2
2813,631,800,0,256,4
2814,148,48,90,748,1
2815,0,779,0,713,2
2816,73,165,100,761,1
2817,129,692,447,701,2
2818,223,738,0,707,2
2819,154,0,35,744,1
2820,242,0,0,791,1
2821,21,0,232,747,1
2822,101,736,227,701,2
2823,176,0,467,768,1
2824,0,156,193,764,1
2825,106,57,81,803,1
2826,756,200,295,0,3
2827,0,182,227,757,1
2828,123,738,0,710,2
2829,0,725,71,723,2
2830,0,800,0,756,2
2831,204,0,122,780,1
2832,619,719,0,132,4
2833,60,765,258,713,2
2834,0,767,0,701,2
2835,0,771,0,727,2
2836,297,20,0,794,1
2837,128,757,481,733,2
2838,630,763,27,225,4
2839,249,0,57,770,1
2840,225,0,128,696,1
2841,586,708,454,111,4
2842,564,143,167,164,3
2843,87,0,0,774,1
2844,0,115,10,781,1
2845,157,0,38,761,1
2846,0,728,138,716,2
2847,166,0,137,716,1
2848,622,754,186,135,4
2849,0,793,189,731,2
2850,141,0,358,770,1
2851,156,766,0,704,2
2852,130,0,0,747,1
2853,0,785,103,715,2
2854,0,799,0,762,2
2855,145,62,16,750,1
2856,94,0,231,769,1
2857,0,754,0,707,2
2858,0,719,0,699,2
2859,196,755,0,738,2
2860,705,195,2,153,3
2861,214,207,108,769,1
2862,122,0,233,746,1
2863,17,0,239,709,1
2864,0,757,0,715,2
2865,0,776,346,743,2
2866,129,777,13,733,2
2867,236,32,0,761,1
2868,237,139,209,732,1
2869,582,744,212,220,4
2870,767,86,459,98,3
2871,641,747,0,234,4
2872,714,0,285,175,3
2873,0,197,0,757,1
2874,205,133,150,713,1
2875,176,0,0,733,1
2876,92,10,240,743,1
2877,0,778,46,714,2
2878,734,58,567,190,3
2879,156,111,296,765,1
2880,6,719,26,720,2
2881,228,715,115,681,2
2882,37,696,0,647,2
2883,202,22,0,791,1
2884,103,212,140,731,1
2885,31,733,0,692,2
2886,134,5,0,762,1
2887,24,56,0,726,1
2888,74,184,0,770,1
2889,587,237,328,269,3
2890,0,704,224,667,2
2891,125,0,0,735,1
2892,42,767,0,724,2
2893,0,713,0,660,2
2894,589,717,49,192,4
2895,115,727,301,718,2
2896,0,786,0,752,2
2897,74,0,133,774,1
2898,214,0,39,782,1
2899,223,0,279,737,1
2900,202,0,158,751,1
2901,0,591,460,553,2
2902,0,0,37,737,1
2903,617,0,173,214,3
2904,183,274,170,643,1
2905,652,759,24,259,4
2906,95,694,5,683,2
2907,129,0,566,743,1
2908,3,0,0,761,1
2909,45,754,0,694,2
2910,165,769,145,709,2
2911,132,714,154,711,2
2912,620,781,255,240,4
2913,94,249,26,747,1
2914,77,788,0,715,2
2915,631,252,0,35,3
2916,129,207,68,735,1
2917,192,171,0,767,1
2918,33,746,4,709,2
2919,544,712,0,196,4
2920,0,772,0,723,2
2921,46,0,216,776,1
2922,620,739,0,237,4
2923,236,152,14,705,1
2924,123,0,371,731,1
2925,177,207,0,776,1
2926,650,759,265,285,4
2927,303,0,90,808,1
2928,176,795,0,720,2
2929,637,762,173,379,4
2930,206,0,379,783,1
2931,189,218,0,738,1
2932,243,58,289,724,1
2933,221,87,78,752,1
2934,148,745,113,721,2
2935,180,111,24,766,1
2936,0,42,287,771,1
2937,679,322,0,274,3
2938,639,164,171,252,3
2939,0,692,0,680,2
2940,0,728,234,717,2
2941,146,726,0,715,2
2942,56,752,0,713,2
2943,107,0,497,736,1
2944,138,0,392,714,1
2945,609,663,218,185,4
2946,258,122,242,765,1
2947,0,753,338,719,2
2948,196,735,501,686,2
2949,335,0,570,746,1
2950,130,770,520,744,2
2953,0,248,229,782,1
2954,0,812,0,734,2
2955,109,784,0,736,2
2956,0,254,107,750,1
2957,19,227,61,767,1
2958,75,764,17,730,2
2959,170,237,0,754,1
2960,604,700,0,234,4
2961,49,701,221,670,2
2962,604,728,0,286,4
2963,160,0,0,748,1
2964,622,759,0,252,4
2965,125,737,0,713,2
2966,231,0,181,755,1
2967,0,773,0,746,2
2968,0,749,0,705,2
2969,77,23,162,769,1
2970,77,732,0,720,2
2971,6,755,78,711,2
2972,635,20,155,193,3
2973,630,726,0,211,4
2974,196,107,13,709,1
2975,0,799,28,742,2
2976,144,52,2,752,1
2977,139,15,0,732,1
2978,0,781,0,722,2
2979,154,0,446,708,1
2980,25,773,0,740,2
2981,68,688,0,672,2
2982,238,729,0,689,2
2983,133,801,167,768,2
2984,55,0,39,739,1
2985,12,732,0,701,2
2986,202,128,251,727,1
2987,206,0,262,745,1
2988,92,154,46,728,1
2989,62,76,181,753,1
2990,575,748,0,156,4
2991,15,767,0,729,2
2992,0,630,161,594,2
2993,158,0,194,723,1
2994,107,107,633,740,1
2995,216,85,0,760,1
2996,536,667,0,99,4
2997,236,3,158,778,1
2998,148,749,513,698,2
2999,643,764,0,206,4
3001,163,735,0,708,2
3002,601,711,0,44,4
3003,142,11,49,758,1
3004,310,0,64,779,1
3005,16,742,162,698,2
3006,221,99,817,544,1
3007,128,145,0,759,1
3008,0,707,0,709,2
3009,219,0,0,777,1
3010,0,726,157,704,2
3011,162,0,13,755,1
3012,233,0,201,727,1
3013,0,769,48,734,2
3014,0,171,0,774,1
3015,86,212,0,752,1
3016,56,0,119,736,1
3017,0,740,318,711,2
3018,141,21,80,766,1
3019,0,762,164,720,2
3020,0,750,136,702,2
3021,95,708,0,622,2
3022,32,1,0,760,1
3023,143,286,15,319,3
3024,66,0,185,777,1
3025,83,177,45,746,1
3026,198,701,265,691,2
3027,75,0,217,751,1
3028,106,15,125,769,1
3029,518,689,0,247,4
3030,181,773,341,725,2
3031,629,762,0,235,4
3032,698,0,48,92,3
3033,68,0,342,742,1
3034,719,143,291,26,3
3035,97,713,0,711,2
3036,207,41,133,716,1
3037,179,8,21,772,1
3038,549,675,0,292,4
3039,0,786,0,738,2
3040,180,0,0,768,1
3041,0,730,0,709,2
3042,651,785,32,322,4
3043,0,115,0,754,1
3044,245,281,178,756,1
3045,60,9,0,747,1
3046,168,636,453,617,2
3047,2,773,0,734,2
3048,213,0,171,745,1
3049,152,0,164,721,1
3050,8,65,18,716,1
3051,209,0,0,741,1
3052,235,143,0,750,1
3053,592,711,0,109,4
3054,577,738,0,273,4
3055,141,209,0,756,1
3056,630,222,0,97,3
3057,0,7,803,0,3
3058,180,72,20,752,1
3059,67,673,327,703,2
3060,192,133,10,759,1
3061,6,763,49,731,2
3062,662,208,0,113,3
3063,158,0,166,806,1
3064,252,378,0,791,1
3065,158,85,0,763,1
3066,27,111,0,761,1
3067,0,750,0,714,2
3068,627,748,316,241,4
3069,620,739,307,137,4
3070,586,724,0,210,4
3071,227,0,142,748,1
3072,256,689,73,633,2
3073,98,735,0,736,2
3074,632,167,158,180,3
3075,620,758,337,228,4
3076,622,0,247,187,3
3077,70,0,92,746,1
3078,0,650,39,592,2
3079,606,715,614,0,4
3080,0,765,0,711,2
3081,204,77,0,743,1
3082,481,461,250,199,3
3083,0,783,15,727,2
3084,600,0,320,253,3
3085,626,0,321,143,3
3086,671,255,161,48,3
3087,204,344,95,756,1
3088,67,755,0,708,2
3089,58,40,36,777,1
3090,167,0,93,768,1
3091,38,48,268,738,1
3092,87,167,95,759,1
3093,109,0,239,746,1
3094,611,754,21,228,4
3095,592,716,0,271,4
3096,13,175,0,712,1
3097,186,0,117,784,1
3098,0,659,99,685,2
3099,221,727,188,716,2
3100,191,56,24,758,1
3101,169,158,178,680,1
3102,300,3,451,627,1
3103,660,126,228,137,3
3104,129,583,46,521,2
3105,0,614,0,611,2
3106,0,758,0,717,2
3107,693,803,0,200,4
3108,200,0,119,757,1
3109,140,68,0,761,1
3110,622,788,162,143,4
3111,71,693,0,699,2
3112,176,112,51,736,1
3113,597,744,0,238,4
3114,0,703,0,714,2
3115,630,766,0,162,4
3116,74,815,0,765,2
3117,0,727,278,705,2
3118,367,769,41,764,2
3119,0,723,0,699,2
3120,667,39,0,78,3
3121,9,0,168,752,1
3122,80,0,92,758,1
3123,175,8,56,751,1
3124,0,690,0,678,2
3125,89,755,0,724,2
3126,259,726,123,711,2
3127,0,780,179,751,2
3128,66,467,0,751,1
3129,157,0,135,744,1
3130,0,741,0,693,2
3131,646,0,233,247,3
3132,117,0,165,732,1
3133,651,38,241,212,3
3134,641,780,49,87,4
3135,72,776,232,741,2
3136,36,720,0,687,2
3137,8,81,40,731,1
3138,128,290,0,735,1
3139,137,0,523,735,1
3140,95,0,88,750,1
3141,175,0,268,744,1
3142,199,84,18,807,1
3143,149,12,15,734,1
3144,218,253,0,739,1
3145,0,627,60,609,2
3146,8,806,236,734,2
3147,0,706,0,692,2
3148,21,745,0,705,2
3149,111,0,208,757,1
3150,0,773,46,737,2
3151,692,33,0,100,3
3152,175,123,191,785,1
3153,706,0,300,51,3
3154,21,740,0,722,2
3155,212,634,202,584,2
3156,0,734,55,709,2
3157,671,254,238,160,3
3158,213,709,0,699,2
3159,17,718,0,687,2
3160,595,642,17,219,4
3161,190,0,51,762,1
3162,169,108,238,756,1
3163,163,71,178,740,1
3164,208,34,221,759,1
3165,681,0,269,98,3
3166,245,0,128,765,1
3167,147,209,0,728,1
3168,72,722,0,676,2
3169,515,644,0,177,4
3170,83,153,0,755,1
3171,133,721,0,686,2
3172,610,746,0,202,4
3173,231,0,106,755,1
3174,0,778,0,757,2
3175,181,0,209,734,1
3176,55,139,151,741,1
3177,129,129,0,780,1
3178,641,263,0,225,3
3179,0,163,144,777,1
3180,251,0,0,789,1
3181,157,11,20,763,1
3182,79,747,0,720,2
3183,178,120,123,762,1
3184,0,775,0,715,2
3185,109,643,0,617,2
3186,242,0,23,796,1
3187,185,784,0,730,2
3188,124,151,236,688,1
3189,665,779,0,271,4
3190,427,718,517,724,2
3191,119,719,116,693,2
3192,146,123,193,777,1
3193,237,33,316,767,1
3194,240,0,0,771,1
3195,55,0,0,762,1
3196,93,724,212,727,2
3197,552,743,133,114,4
3198,640,746,286,121,4
3199,92,0,0,737,1
3200,572,737,207,245,4
3201,286,333,0,745,1
3202,692,135,0,111,3
3203,171,715,7,710,2
3204,237,173,36,752,1
3205,698,0,265,95,3
3206,0,785,29,732,2
3207,573,662,152,165,4
3208,155,749,64,718,2
3209,223,137,38,737,1
3210,157,68,61,749,1
3211,25,760,56,739,2
3212,0,744,0,700,2
3213,669,157,113,210,3
3214,592,750,0,219,4
3215,202,0,330,751,1
3216,176,768,16,732,2
3217,64,0,115,760,1
3218,650,0,293,50,3
3219,158,0,483,763,1
3220,214,0,32,754,1
3221,620,748,0,138,4
3222,78,0,0,760,1
3223,168,696,191,676,2
3224,0,719,0,694,2
3225,211,35,36,753,1
3226,88,746,0,711,2
3227,216,132,28,748,1
3228,587,758,43,295,4
3229,0,0,210,750,1
3230,0,723,0,706,2
3231,0,713,0,704,2
3232,40,55,0,740,1
3233,241,752,0,731,2
3234,0,743,286,709,2
3235,224,122,266,735,1
3236,253,757,45,714,2
3237,224,684,130,664,2
3238,92,221,0,742,1
3239,636,773,307,216,4
3240,665,207,0,145,3
3241,171,46,198,723,1
3242,0,702,0,683,2
3243,608,698,322,155,4
3244,23,759,39,716,2
3245,613,750,0,217,4
3246,660,810,0,154,4
3247,76,0,239,771,1
3248,579,687,0,269,4
3249,0,734,0,706,2
3250,179,121,3,771,1
3251,165,792,0,746,2
3252,188,728,118,688,2
3253,138,113,227,771,1
3254,125,754,0,739,2
3255,91,0,429,763,1
3256,183,696,0,625,2
3257,37,804,0,746,2
3258,595,774,0,230,4
3259,35,0,177,752,1
3260,0,0,127,734,1
3261,122,0,362,711,1
3262,0,0,96,754,1
3263,31,753,130,695,2
3264,648,0,184,236,3
3265,64,757,0,716,2
3266,131,0,87,710,1
3267,134,76,204,665,1
3268,171,0,166,750,1
3269,0,709,0,687,2
3270,65,747,0,704,2
3271,87,765,5,733,2
3272,0,0,209,756,1
3273,0,827,0,755,2
3274,134,773,51,732,2
3275,0,0,166,760,1
3276,0,771,262,737,2
3277,133,718,0,695,2
3278,261,0,163,759,1
3279,154,777,114,741,2
3280,229,743,0,691,2
3281,211,0,169,750,1
3282,0,745,181,722,2
3283,0,793,0,742,2
3284,192,23,175,779,1
3285,629,779,0,270,4
3286,144,726,0,700,2
3287,141,0,140,726,1
3288,80,780,0,732,2
3289,0,46,181,763,1
3290,138,148,0,777,1
3291,0,762,0,732,2
3292,666,54,68,253,3
3293,595,709,228,203,4
3294,188,739,0,728,2
3295,0,633,0,603,2
3296,110,188,0,747,1
3297,609,710,0,175,4
3299,565,685,10,32,4
3300,209,244,193,764,1
3301,669,250,0,191,3
3302,130,735,6,696,2
3303,0,621,63,639,2
3304,365,0,567,809,1
3305,0,13,0,730,1
3306,0,726,0,720,2
3307,702,63,0,13,3
3308,246,183,0,750,1
3309,130,747,0,723,2
3310,173,0,467,742,1
3311,0,36,261,747,1
3312,209,0,199,784,1
3313,0,706,0,655,2
3314,130,757,0,731,2
3315,651,0,373,152,3
3316,0,242,23,755,1
3317,108,0,191,801,1
3318,88,712,0,681,2
3319,211,0,250,749,1
3320,166,99,22,753,1
3321,0,727,0,706,2
3322,52,0,228,766,1
3323,195,252,90,769,1
3324,36,94,0,702,1
3325,614,739,273,216,4
3326,247,192,17,744,1
3327,30,716,108,693,2
3328,0,92,4,743,1
3329,268,0,224,722,1
3330,238,738,21,691,2
3331,91,749,239,728,2
3332,0,761,0,728,2
3333,154,71,0,767,1
3334,564,678,163,266,4
3335,275,204,294,576,1
3336,142,756,0,735,2
3337,201,0,214,750,1
3338,83,741,0,708,2
3339,0,724,0,693,2
3340,624,745,192,150,4
3341,119,0,50,756,1
3342,0,761,0,693,2
3343,628,794,0,344,4
3344,225,740,0,712,2
3345,0,721,284,614,2
3346,264,9,0,748,1
3347,144,48,11,733,1
3348,106,24,44,738,1
3349,218,0,201,752,1
3350,41,22,130,738,1
3352,643,16,754,592,1
3353,663,52,0,254,3
3354,235,0,193,758,1
3355,146,0,24,787,1
3356,202,51,0,740,1
3357,662,98,291,159,3
3358,188,758,0,714,2
3359,116,727,225,708,2
3360,0,0,88,752,1
3361,216,234,285,695,1
3362,145,29,58,754,1
3363,0,730,0,713,2
3364,25,763,0,712,2
3365,318,0,527,665,1
3366,667,216,291,111,3
3367,0,257,0,740,1
3368,125,755,0,750,2
3369,72,11,0,737,1
3370,118,0,794,678,1
3371,0,746,0,722,2
3372,133,0,4,745,1
3373,23,799,0,755,2
3374,24,0,94,709,1
3375,71,0,102,750,1
3376,0,0,21,767,1
3377,106,0,368,725,1
3378,628,765,0,123,4
3379,59,783,234,748,2
3380,626,754,48,255,4
3381,149,686,271,668,2
3382,83,740,16,714,2
3383,209,149,0,714,1
3384,674,139,219,24,3
3385,712,835,26,245,4
3386,191,0,581,749,1
3387,94,0,72,757,1
3388,680,792,364,231,4
3389,66,227,16,759,1
3391,145,0,17,779,1
3392,101,670,463,664,2
3393,132,0,0,751,1
3394,23,0,156,704,1
3395,129,2,44,741,1
3396,594,724,59,214,4
3397,238,261,109,763,1
3398,0,729,0,722,2
3399,78,691,0,592,2
3400,153,758,0,726,2
3401,222,48,0,739,1
3402,0,779,26,688,2
3403,0,765,70,713,2
3404,109,121,19,711,1
3405,203,208,0,762,1
3406,0,718,279,702,2
3407,272,101,253,783,1
3408,685,815,0,120,4
3409,0,739,0,720,2
3410,734,0,182,232,3
3411,114,73,23,773,1
3412,123,0,317,722,1
3413,562,690,290,138,4
3414,598,741,10,162,4
3415,142,107,350,736,1
3416,610,49,166,175,3
3417,601,766,3,369,4
3418,464,652,0,250,4
3419,614,760,166,248,4
3420,187,732,80,708,2
3421,697,0,161,261,3
3422,0,763,0,751,2
3423,167,65,363,793,1
3424,55,813,0,752,2
3425,699,49,195,274,3
3426,128,77,0,751,1
3427,164,771,0,733,2
3428,45,2,8,755,1
3429,110,0,365,764,1
3430,117,262,48,725,1
3431,131,753,34,704,2
3432,1,654,0,671,2
3433,135,738,0,713,2
3434,224,130,0,742,1
3435,0,795,7,760,2
3436,29,806,186,749,2
3437,205,0,26,722,1
3438,145,687,0,674,2
3439,669,0,360,247,3
3440,0,726,0,669,2
3441,219,202,0,713,1
3442,210,701,32,674,2
3443,675,188,0,93,3
3444,39,722,129,694,2
3445,55,785,0,745,2
3446,562,703,255,211,4
3447,0,730,4,718,2
3448,121,0,460,765,1
3449,0,0,49,771,1
3450,227,0,71,729,1
3451,62,623,343,694,2
3452,118,141,0,758,1
3453,244,14,246,696,1
3454,92,656,256,649,2
3455,0,722,0,696,2
3456,703,327,31,181,3
3457,0,766,0,722,2
3458,128,678,74,672,2
3459,202,631,246,593,2
3460,0,799,0,731,2
3461,131,735,247,698,2
3462,0,747,0,729,2
3463,185,0,209,779,1
3464,702,227,4,177,3
3465,125,154,28,738,1
3466,0,670,0,685,2
3467,193,0,149,746,1
3468,98,701,0,687,2
3469,275,4,452,595,1
3470,629,770,0,291,4
3471,88,649,304,642,2
3472,588,723,439,243,4
3473,210,60,11,819,1
3474,603,753,0,197,4
3475,183,665,0,639,2
3476,62,0,274,766,1
3477,133,147,48,753,1
3478,271,0,401,761,1
3479,641,795,348,168,4
3480,688,0,414,4,3
3481,0,782,0,749,2
3482,62,221,0,735,1
3483,139,669,0,683,2
3484,0,741,0,711,2
3485,161,721,0,696,2
3486,202,0,184,716,1
3487,0,756,145,730,2
3488,0,764,0,724,2
3489,256,0,0,696,1
3490,173,118,65,786,1
3491,0,708,0,694,2
3492,226,0,210,798,1
3493,157,0,253,751,1
3494,137,745,0,694,2
3495,0,808,0,768,2
3496,4,0,142,742,1
3497,0,764,0,700,2
3498,676,0,169,175,3
3499,58,736,478,722,2
3500,63,0,66,764,1
3501,0,0,273,736,1
3502,0,34,48,743,1
3503,0,739,59,712,2
3504,568,732,106,179,4
3505,219,113,65,784,1
3506,629,750,0,165,4
3507,182,0,0,761,1
3508,0,767,0,736,2
3509,73,0,157,727,1
3510,96,246,0,746,1
3511,684,42,301,199,3
3512,155,11,92,797,1
3513,69,168,0,763,1
3514,72,748,0,713,2
3515,218,128,90,769,1
3516,168,0,0,775,1
3517,254,199,0,780,1
3518,261,43,173,728,1
3519,0,769,131,707,2
3520,623,763,283,213,4
3521,38,783,0,749,2
3522,671,17,62,93,3
3523,93,185,94,715,1
3524,182,51,94,762,1
3525,700,220,0,182,3
3526,37,710,0,687,2
3527,0,647,0,653,2
3528,0,19,0,768,1
3529,715,0,462,246,3
3530,698,0,324,146,3
3531,0,651,104,655,2
3532,157,218,46,745,1
3533,185,775,0,735,2
3534,619,747,164,172,4
3535,209,0,31,770,1
3536,135,760,0,736,2
3537,149,0,30,762,1
3538,69,763,75,736,2
3539,132,92,242,739,1
3540,96,80,0,726,1
3541,8,753,0,739,2
3542,64,0,232,766,1
3543,111,0,97,744,1
3544,140,0,0,725,1
3545,124,158,0,737,1
3546,137,626,0,620,2
3547,710,0,208,68,3
3548,672,91,242,194,3
3549,70,772,0,731,2
3550,275,0,99,760,1
3551,162,144,0,767,1
3552,191,63,298,686,1
3553,0,0,98,734,1
3555,245,100,414,573,1
3556,0,23,925,0,3
3557,20,764,18,724,2
3558,0,748,0,711,2
3559,152,166,148,759,1
3560,202,0,80,748,1
3561,644,0,115,204,3
3562,198,0,191,785,1
3563,617,740,0,98,4
3564,68,0,218,726,1
3565,62,665,0,665,2
3566,74,739,0,721,2
3567,234,735,228,736,2
3568,645,96,325,0,3
3569,226,0,252,771,1
3570,735,0,266,145,3
3571,95,772,268,741,2
3572,227,50,0,720,1
3573,256,741,0,709,2
3574,0,721,0,709,2
3575,67,772,26,745,2
3576,158,794,0,756,2
3577,35,750,0,729,2
3578,1,766,0,714,2
3579,137,731,318,710,2
3580,220,300,13,703,1
3581,220,1,37,732,1
3582,191,190,71,639,1
3583,31,11,304,719,1
3584,669,120,302,177,3
3585,0,0,208,734,1
3586,673,796,0,162,4
3587,93,38,118,764,1
3588,232,0,7,773,1
3589,401,200,400,0,3
3590,175,736,0,731,2
3591,81,734,0,709,2
3592,32,69,231,749,1
3593,271,0,427,738,1
3594,207,758,47,728,2
3595,91,769,0,746,2
3596,46,750,32,721,2
3597,648,174,92,0,3
3598,43,0,21,746,1
3599,178,133,18,783,1
3600,34,714,0,696,2
3601,147,0,79,759,1
3602,117,747,193,728,2
3603,0,727,0,688,2
3604,165,38,0,765,1
3605,69,44,13,775,1
3606,187,139,127,767,1
3607,189,0,234,755,1
3608,108,0,48,756,1
3609,0,0,203,733,1
3610,51,705,0,666,2
3611,0,774,0,741,2
3612,163,56,167,774,1
3613,700,81,113,211,3
3614,595,719,0,187,4
3615,10,778,0,736,2
3616,13,774,0,717,2
3617,640,773,275,178,4
3618,65,683,85,660,2
3619,222,197,160,743,1
3620,610,750,314,151,4
3621,0,771,33,739,2
3622,187,162,0,744,1
3623,681,271,0,201,3
3624,0,164,156,718,1
3625,0,761,0,729,2
3626,212,0,263,761,1
3627,110,698,20,702,2
3628,272,0,0,804,1
3629,195,222,0,783,1
3630,157,0,54,752,1
3631,607,761,0,155,4
3632,723,231,0,257,3
3633,10,743,120,717,2
3634,74,0,142,690,1
3635,152,125,62,769,1
3636,238,718,336,709,2
3637,0,802,13,732,2
3638,123,179,39,789,1
3639,669,62,0,268,3
3640,0,725,0,696,2
3641,124,820,0,740,2
3642,180,763,0,741,2
3643,63,142,0,777,1
3644,669,0,134,311,3
3645,234,0,7,758,1
3646,276,95,463,582,1
3647,645,775,0,25,4
3648,170,38,0,741,1
3649,133,112,0,741,1
3650,14,142,0,759,1
3651,132,0,36,755,1
3652,0,782,316,738,2
3653,189,28,38,733,1
3654,621,728,0,231,4
3655,628,786,0,233,4
3656,624,0,227,146,3
3657,0,12,39,732,1
3658,68,0,205,759,1
3659,118,202,0,761,1
3660,217,175,78,756,1
3661,231,0,8,736,1
3662,0,706,235,679,2
3663,631,757,0,196,4
3664,0,0,0,759,1
3665,277,784,0,746,2
3666,0,787,94,707,2
3668,158,0,33,742,1
3669,755,305,188,7,3
3670,0,713,196,714,2
3671,82,63,0,762,1
3672,64,720,0,696,2
3673,0,86,7,752,1
3674,664,801,27,61,4
3675,59,706,29,687,2
3676,156,763,80,744,2
3677,156,22,45,716,1
3678,70,776,0,731,2
3679,177,0,442,748,1
3680,625,759,0,224,4
3681,221,0,0,753,1
3682,106,0,162,726,1
3683,0,715,0,694,2
3685,614,153,127,33,3
3686,596,159,176,41,3
3687,108,700,490,700,2
3688,504,0,801,26,3
3689,145,258,3,792,1
3690,655,195,340,69,3
3691,0,716,316,683,2
3692,707,294,0,134,3
3693,212,8,59,732,1
3694,0,756,266,721,2
3695,177,0,228,802,1
3696,190,0,489,65,3
3697,0,782,0,745,2
3698,111,748,0,697,2
3699,52,250,0,741,1
3700,91,736,0,708,2
3701,0,744,0,724,2
3702,207,0,222,323,3
3703,267,336,271,772,1
3704,610,764,0,169,4
3705,598,786,0,248,4
3706,318,0,356,285,3
3707,95,0,106,746,1
3708,205,0,52,722,1
3709,258,636,179,586,2
3710,599,275,45,257,3
3711,189,0,22,751,1
3712,98,127,332,718,1
3713,195,17,104,728,1
3714,103,787,0,770,2
3715,103,72,296,733,1
3716,0,748,0,694,2
3717,87,0,472,739,1
3718,92,767,0,727,2
3719,106,22,86,738,1
3720,95,0,0,789,1
3721,163,801,0,739,2
3722,214,36,161,766,1
3723,185,820,15,764,2
3724,661,7,266,151,3
3725,89,735,0,710,2
3726,213,64,0,758,1
3727,206,0,106,715,1
3728,0,712,137,680,2
3729,264,8,125,746,1
3730,131,0,234,731,1
3732,194,97,0,751,1
3734,0,729,326,701,2
3735,61,756,0,733,2
3736,135,736,31,726,2
3737,132,0,206,700,1
3738,121,206,0,760,1
3739,172,0,386,743,1
3740,135,250,76,739,1
3741,159,0,69,761,1
3742,0,786,91,757,2
3743,0,703,0,691,2
3744,172,110,0,796,1
3745,3,720,300,705,2
3746,159,0,200,713,1
3747,196,13,72,750,1
3748,663,105,56,120,3
3749,0,765,39,713,2
3750,215,0,0,741,1
3751,38,67,598,729,1
3752,673,241,182,96,3
3753,42,784,158,743,2
3754,121,762,0,711,2
3755,189,98,0,759,1
3756,134,0,960,0,3
3757,106,739,0,721,2
3758,654,165,203,150,3
3759,112,27,0,786,1
3760,148,242,0,750,1
3761,147,97,269,783,1
3762,560,716,0,157,4
3763,0,768,436,748,2
3764,0,758,0,706,2
3765,0,723,0,674,2
3766,623,770,0,747,2
3767,87,0,0,751,1
3768,230,117,13,767,1
3769,150,287,0,776,1
3770,604,718,0,239,4
3771,39,0,0,745,1
3772,546,658,0,230,4
3773,269,18,346,603,1
3774,160,0,76,719,1
3775,105,0,129,726,1
3776,141,696,0,685,2
3777,634,794,0,190,4
3778,139,145,156,765,1
3779,146,48,0,736,1
3780,142,111,0,770,1
3781,126,161,60,756,1
3782,164,839,0,790,2
3783,221,269,315,689,1
3784,585,729,26,180,4
3785,19,643,0,561,2
3786,556,692,313,171,4
3787,630,729,182,0,4
3788,598,744,0,229,4
3789,156,189,0,776,1
3790,0,351,999,0,3
3791,47,0,360,729,1
3792,626,731,0,257,4
3793,0,742,0,712,2
3794,206,0,101,745,1
3795,101,51,28,718,1
3796,645,758,283,133,4
3797,6,0,152,780,1
3798,197,695,0,661,2
3799,162,637,135,596,2
3800,5,222,230,728,1
3801,0,0,64,730,1
3802,0,738,0,702,2
3803,180,718,1,712,2
3804,613,722,220,46,4
3805,218,0,414,747,1
3806,0,756,116,705,2
3807,138,267,0,764,1
3808,132,723,323,688,2
3809,4,0,13,795,1
3810,0,813,0,697,2
3811,194,777,0,721,2
3812,147,695,51,688,2
3813,154,96,0,786,1
3814,64,0,170,750,1
3815,66,746,0,721,2
3816,119,152,13,736,1
3817,188,0,0,765,1
3818,192,769,12,653,2
3819,0,772,0,727,2
3820,318,735,349,730,2
3821,591,744,0,234,4
3822,64,741,0,701,2
3823,12,199,0,723,1
3824,0,686,0,684,2
3825,557,731,0,133,4
3826,165,757,0,715,2
3827,169,156,0,724,1
3828,25,751,288,687,2
3829,198,0,32,750,1
3830,114,237,0,777,1
3831,207,0,131,727,1
3832,133,748,21,735,2
3833,156,180,82,723,1
3834,143,36,1,732,1
3835,652,208,322,47,3
3836,0,742,0,709,2
3837,608,771,0,189,4
3838,199,0,6,804,1
3839,13,0,268,778,1
3840,0,768,25,740,2
3841,29,0,804,717,1
3842,112,34,252,726,1
3843,76,224,110,723,1
3844,33,743,8,714,2
3845,198,16,0,741,1
3846,121,718,26,700,2
3847,186,29,19,741,1
3848,19,796,0,743,2
3849,632,767,0,194,4
3850,249,0,466,1,3
3851,690,809,0,267,4
3852,83,687,0,634,2
3853,246,620,564,630,2
3854,660,201,0,162,3
3855,183,147,0,791,1
3856,0,745,31,733,2
3857,1,741,0,715,2
3858,636,790,0,104,4
3859,159,121,96,750,1
3860,0,764,0,721,2
3861,82,723,0,691,2
3862,128,121,23,736,1
3863,192,0,96,788,1
3864,0,226,142,743,1
3865,83,819,0,781,2
3866,636,758,76,65,4
3867,0,795,34,755,2
3868,197,785,0,741,2
3869,150,0,22,741,1
3870,199,702,185,703,2
3871,0,0,0,714,1
3872,21,749,0,696,2
3873,115,0,477,731,1
3874,108,677,198,731,2
3875,0,788,0,769,2
3876,87,627,159,755,2
3877,75,715,0,705,2
3878,0,0,0,749,1
3879,76,0,193,780,1
3880,0,726,81,684,2
3881,121,685,0,688,2
3882,81,711,220,699,2
3883,229,33,517,360,3
3884,59,772,0,735,2
3885,169,190,0,736,1
3886,63,273,0,756,1
3887,250,0,58,735,1
3888,213,0,24,742,1
3889,0,650,133,605,2
3890,106,760,0,734,2
3891,147,141,139,762,1
3892,84,663,15,688,2
3893,109,28,171,747,1
3894,28,181,182,738,1
3895,82,747,152,717,2
3896,535,689,112,119,4
3897,0,36,0,742,1
3899,69,769,0,739,2
3900,157,138,210,679,1
3901,180,104,0,720,1
3902,55,0,106,749,1
3903,646,818,0,124,4
3904,650,107,233,165,3
3905,184,43,707,641,1
3906,0,714,0,717,2
3907,5,730,0,694,2
3908,638,769,0,234,4
3909,127,669,247,674,2
3910,235,0,0,797,1
3911,623,795,122,26,4
3912,0,722,407,697,2
3913,122,119,0,735,1
3914,230,641,0,598,2
3915,32,0,463,284,3
3916,248,96,211,733,1
3917,148,0,118,764,1
3918,0,754,0,713,2
3919,0,220,57,788,1
3921,0,23,0,753,1
3922,115,0,53,732,1
3923,663,243,0,211,3
3924,0,800,0,764,2
3925,676,229,249,68,3
3926,0,776,0,721,2
3927,0,786,0,727,2
3928,0,683,0,629,2
3929,94,772,289,730,2
3930,669,216,15,98,3
3931,241,22,228,729,1
3932,59,739,0,707,2
3933,0,721,346,695,2
3934,212,0,328,769,1
3935,0,775,287,717,2
3936,636,222,0,170,3
3937,611,743,458,117,4
3938,0,765,0,727,2
3939,106,0,129,730,1
3940,596,698,0,210,4
3941,246,0,241,766,1
3942,133,0,349,750,1
3943,212,0,38,764,1
3944,149,749,0,684,2
3945,0,746,0,713,2
3946,121,163,174,753,1
3947,62,625,52,585,2
3948,655,120,0,139,3
3949,675,0,186,83,3
3950,264,13,323,664,1
3951,207,735,0,701,2
3952,0,815,0,748,2
3953,103,122,265,752,1
3954,124,743,0,719,2
3955,607,751,1,132,4
3956,191,765,0,701,2
3957,156,0,472,746,1
3958,0,780,0,756,2
3959,589,758,484,116,4
3960,12,62,165,753,1
3961,704,10,303,183,3
3962,205,3,0,740,1
3963,225,758,0,712,2
3964,171,4,6,779,1
3965,0,775,106,740,2
3966,87,91,0,779,1
3967,0,779,0,741,2
3968,602,738,196,28,4
3969,181,0,473,715,1
3970,642,0,152,227,3
3971,570,672,197,322,4
3972,125,55,0,739,1
3973,669,59,18,263,3
3974,681,807,0,180,4
3975,134,55,226,735,1
3976,162,39,0,786,1
3977,238,720,215,651,2
3978,657,35,123,42,3
3979,0,778,19,749,2
3980,724,188,0,12,3
3981,186,0,259,725,1
3982,696,206,0,242,3
3983,631,725,0,243,4
3984,142,87,86,733,1
3985,47,0,116,744,1
3986,232,0,286,713,1
3987,230,769,3,725,2
3988,707,196,0,78,3
3989,105,0,104,711,1
3990,265,0,111,772,1
3991,19,154,0,760,1
3992,109,177,0,780,1
3993,132,0,179,754,1
3994,623,778,0,242,4
3995,56,0,236,743,1
3996,206,767,0,719,2
3997,627,763,0,276,4
3998,174,705,0,719,2
3999,0,772,0,748,2
4000,179,0,455,729,1
4001,91,170,14,768,1
4002,238,100,178,710,1
4003,675,263,0,130,3
4004,0,769,6,739,2
4005,58,0,267,765,1
4006,64,8,0,787,1
4007,153,759,92,733,2
4008,609,755,0,30,4
4009,155,761,0,736,2
4010,161,782,74,732,2
4011,552,705,66,138,4
4012,0,728,96,698,2
4013,12,0,698,730,1
4014,197,0,160,750,1
4015,86,0,101,754,1
4016,6,715,22,705,2
4017,153,163,0,763,1
4018,224,76,0,774,1
4019,599,660,22,213,4
4020,181,0,489,724,1
4021,268,486,235,650,2
4022,119,741,0,726,2
4023,82,44,285,734,1
4024,173,797,0,742,2
4025,201,748,0,710,2
4026,19,744,432,703,2
4027,211,0,336,780,1
4028,137,0,241,733,1
4029,94,108,0,711,1
4030,751,252,0,48,3
4031,0,688,138,662,2
4032,578,741,14,312,4
4033,135,130,0,762,1
4034,0,823,0,752,2
4035,53,0,0,753,1
4036,193,0,96,750,1
4037,206,745,0,689,2
4039,731,0,303,0,3
4040,0,862,61,827,2
4041,0,758,0,732,2
4042,154,82,342,327,3
4043,130,698,0,678,2
4044,14,783,227,729,2
4045,0,765,276,743,2
4046,165,743,0,713,2
4047,197,0,69,758,1
4048,0,760,41,742,2
4049,68,80,179,736,1
4050,0,707,30,680,2
4051,604,731,160,220,4
4052,683,246,69,228,3
4053,124,611,608,532,2
4054,134,150,50,756,1
4055,188,90,347,731,1
4056,0,765,0,734,2
4057,164,229,0,754,1
4058,724,138,0,160,3
4059,0,731,0,712,2
4060,156,242,0,740,1
4061,194,0,24,762,1
4062,0,774,0,756,2
4063,665,0,211,198,3
4064,641,768,220,142,4
4065,603,720,94,180,4
4066,116,715,42,686,2
4067,122,0,125,750,1
4068,691,0,214,136,3
4069,0,734,0,696,2
4070,146,0,72,752,1
4071,241,0,111,731,1
4072,106,0,69,752,1
4073,178,782,0,735,2
4074,94,0,31,669,1
4075,71,731,0,699,2
4076,2,727,0,703,2
4077,136,0,251,784,1
4078,0,749,0,706,2
4079,194,38,175,730,1
4080,708,816,0,243,4
4081,188,216,3,776,1
4082,12,719,60,653,2
4083,11,718,87,682,2
4084,636,756,0,274,4
4085,0,774,80,722,2
4086,599,780,299,119,4
4087,0,710,0,699,2
4088,649,765,267,243,4
4089,636,760,0,151,4
4090,80,0,50,731,1
4091,175,732,106,673,2
4092,126,721,0,707,2
4093,242,120,0,801,1
4094,602,683,79,81,4
4095,66,0,0,718,1
4096,229,788,0,760,2
4097,0,803,144,751,2
4098,630,746,74,201,4
4099,0,144,179,721,1
4100,47,19,256,733,1
4101,636,0,215,0,3
4102,141,729,162,710,2
4103,115,0,0,764,1
4104,158,0,0,810,1
4105,0,289,164,796,1
4106,236,721,0,683,2
4107,211,174,99,741,1
4108,27,743,13,723,2
4109,36,770,0,724,2
4110,250,140,70,778,1
4111,0,724,283,705,2
4112,208,644,151,630,2
4113,0,807,0,761,2
4114,181,736,230,714,2
4115,225,44,111,769,1
4116,174,0,305,740,1
4117,656,773,0,202,4
4118,0,0,118,759,1
4119,44,747,150,719,2
4120,60,747,0,735,2
4121,226,0,568,627,1
4122,98,0,231,763,1
4123,66,663,0,602,2
4124,113,0,0,737,1
4125,692,280,0,236,3
4126,162,30,417,749,1
4127,184,781,0,747,2
4128,205,0,152,750,1
4129,206,45,125,722,1
4130,198,42,65,749,1
4131,128,57,74,737,1
4132,160,769,0,693,2
4133,0,657,305,638,2
4134,110,750,14,731,2
4135,120,81,0,765,1
4136,0,723,9,690,2
4137,112,790,0,747,2
4138,268,665,0,689,2
4139,60,97,229,767,1
4140,149,218,13,770,1
4141,95,208,121,810,1
4142,67,733,0,706,2
4143,53,237,91,768,1
4144,200,201,74,716,1
4145,698,20,28,130,3
4146,73,0,39,805,1
4147,0,685,0,671,2
4148,8,13,0,763,1
4149,88,0,271,773,1
4150,0,837,0,763,2
4151,188,0,195,758,1
4152,235,73,62,748,1
4153,0,750,0,707,2
4154,145,193,0,739,1
4155,580,732,0,196,4
4156,648,0,13,249,3
4157,93,793,0,767,2
4158,466,762,161,725,2
4159,269,297,360,669,1
4160,214,153,60,782,1
4161,64,184,101,746,1
4162,85,690,5,703,2
4163,605,762,296,113,4
4164,0,176,0,744,1
4165,166,765,167,717,2
4166,0,731,0,701,2
4167,0,732,34,696,2
4168,87,264,52,744,1
4169,190,142,23,755,1
4170,186,766,91,727,2
4171,136,0,58,778,1
4172,150,733,0,716,2
4173,0,771,459,717,2
4174,0,24,518,700,1
4175,209,704,0,683,2
4176,653,0,278,126,3
4177,173,129,171,766,1
4178,160,0,1,771,1
4179,0,743,0,721,2
4180,225,718,0,700,2
4181,631,779,311,237,4
4182,0,21,0,748,1
4183,163,0,0,716,1
4184,659,0,312,0,3
4185,152,0,259,735,1
4186,71,0,17,799,1
4187,172,722,0,712,2
4188,672,178,182,242,3
4189,74,267,0,712,1
4190,592,722,12,211,4
4191,0,742,0,713,2
4192,94,0,0,740,1
4193,0,760,8,720,2
4194,136,66,3,716,1
4195,137,730,0,705,2
4196,247,251,0,725,1
4197,0,756,0,714,2
4198,218,67,0,736,1
4199,524,684,76,116,4
4200,269,723,0,711,2
4201,235,44,0,787,1
4202,87,105,0,744,1
4203,37,0,160,740,1
4204,246,250,97,815,1
4205,175,728,0,712,2
4206,153,195,50,729,1
4207,0,703,213,684,2
4208,207,689,283,674,2
4209,602,711,0,132,4
4210,200,0,491,760,1
4211,0,815,0,760,2
4212,625,769,0,9,4
4213,68,698,109,681,2
4214,196,0,169,780,1
4215,157,79,222,745,1
4216,603,698,0,226,4
4217,102,770,0,735,2
4218,556,708,0,192,4
4219,622,712,246,23,4
4220,190,67,0,757,1
4221,0,84,243,763,1
4222,652,761,0,213,4
4223,599,741,0,0,4
4224,208,150,0,783,1
4225,210,0,177,747,1
4226,0,748,0,708,2
4227,180,749,0,731,2
4228,132,119,0,699,1
4229,119,0,0,757,1
4230,105,58,0,752,1
4231,746,0,297,192,3
4232,0,731,0,713,2
4233,168,0,216,766,1
4234,133,416,51,709,1
4235,0,683,7,690,2
4236,113,0,83,725,1
4237,26,0,200,760,1
4238,153,775,0,733,2
4239,0,735,20,704,2
4240,683,0,345,0,3
4241,0,704,151,712,2
4242,110,90,3,751,1
4243,641,112,249,196,3
4244,230,0,245,732,1
4245,698,799,352,119,4
4246,132,704,0,679,2
4247,672,0,334,125,3
4248,640,0,274,808,1
4249,113,0,89,777,1
4250,606,741,217,288,4
4251,725,35,333,55,3
4252,0,225,0,725,1
4253,113,736,258,714,2
4254,714,0,197,107,3
4255,166,53,9,751,1
4256,15,685,0,655,2
4257,43,679,0,662,2
4258,0,818,0,772,2
4259,211,0,172,766,1
4260,82,748,0,716,2
4261,238,744,0,719,2
4262,739,243,25,176,3
4263,252,689,0,691,2
4264,606,721,0,149,4
4265,0,653,489,656,2
4266,165,775,206,741,2
4267,252,200,230,775,1
4268,170,32,0,752,1
4269,153,43,0,752,1
4270,7,717,153,694,2
4271,0,735,0,685,2
4272,191,0,0,767,1
4273,58,111,0,750,1
4274,235,0,215,743,1
4275,171,0,130,762,1
4276,288,115,258,709,1
4278,45,750,0,713,2
4279,606,763,0,180,4
4280,132,0,66,747,1
4281,0,343,108,766,1
4282,0,720,5,702,2
4283,0,29,0,726,1
4284,162,0,153,742,1
4285,0,0,0,733,1
4286,133,8,182,764,1
4287,218,739,0,719,2
4288,92,718,0,704,2
4289,0,727,0,699,2
4290,680,114,42,192,3
4291,159,0,65,787,1
4292,594,715,10,288,4
4293,171,0,80,755,1
4294,239,250,0,773,1
4295,0,717,0,702,2
4296,152,279,239,732,1
4297,21,765,109,713,2
4298,156,623,264,528,2
4299,0,834,0,782,2
4300,165,759,0,713,2
4301,639,781,101,206,4
4302,0,760,0,742,2
4303,88,48,10,740,1
4304,138,715,0,693,2
4305,646,772,0,229,4
4306,132,33,187,717,1
4307,25,0,0,702,1
4308,111,0,24,798,1
4309,232,0,278,726,1
4310,0,764,0,710,2
4311,0,739,0,712,2
4312,143,0,0,721,1
4313,231,20,126,752,1
4314,621,735,0,111,4
4315,207,742,222,706,2
4316,213,27,45,754,1
4317,199,55,0,770,1
4318,75,730,119,701,2
4319,712,284,0,215,3
4320,220,302,32,734,1
4321,0,744,8,705,2
4322,166,787,30,762,2
4323,155,197,204,779,1
4324,267,114,425,740,1
4325,0,774,0,756,2
4326,657,152,36,207,3
4327,182,754,0,708,2
4328,0,21,0,719,1
4329,95,773,0,744,2
4330,233,28,247,682,1
4331,12,183,95,739,1
4332,254,101,144,668,1
4333,155,737,0,704,2
4334,248,0,664,652,1
4335,199,727,0,715,2
4336,140,0,612,726,1
4337,22,0,188,754,1
4338,0,760,0,723,2
4339,653,767,416,11,4
4340,217,0,91,754,1
4341,0,780,124,722,2
4342,76,0,476,750,1
4343,688,83,0,126,3
4344,0,709,108,680,2
4345,91,719,0,699,2
4346,186,0,211,750,1
4347,144,743,0,709,2
4348,59,0,0,753,1
4349,231,227,0,729,1
4350,0,761,0,719,2
4351,152,672,203,657,2
4352,261,282,197,696,1
4353,137,746,199,701,2
4354,0,774,0,725,2
4355,109,0,40,715,1
4356,135,242,280,668,1
4357,0,724,21,675,2
4358,0,708,0,703,2
4359,2,779,0,753,2
4360,10,675,4,631,2
4361,94,84,115,771,1
4362,88,725,624,699,2
4363,208,0,273,759,1
4364,173,2,0,751,1
4365,0,791,0,746,2
4366,0,838,0,762,2
4367,10,39,150,753,1
4368,0,691,0,715,2
4369,0,780,0,749,2
4370,165,0,234,736,1
4371,169,0,279,748,1
4372,178,0,465,784,1
4373,186,602,0,639,2
4374,194,802,253,737,2
4375,70,0,92,768,1
4376,91,768,10,735,2
4377,160,0,0,750,1
4378,82,100,0,730,1
4379,0,755,0,701,2
4380,251,0,317,771,1
4381,19,163,0,711,1
4382,5,801,138,734,2
4383,26,128,0,714,1
4384,118,750,41,743,2
4385,689,0,297,192,3
4386,239,0,383,363,3
4387,0,776,0,739,2
4388,693,816,55,126,4
4389,729,256,0,224,3
4390,112,750,42,722,2
4391,230,188,118,723,1
4392,0,714,220,727,2
4393,0,303,1000,0,3
4394,112,113,24,745,1
4395,184,117,66,742,1
4396,0,172,197,746,1
4397,94,220,11,763,1
4398,55,777,0,695,2
4399,188,0,68,752,1
4400,212,781,71,729,2
4401,0,790,7,739,2
4402,592,699,68,263,4
4403,91,769,548,709,2
4404,624,753,0,251,4
4405,102,103,61,728,1
4406,157,97,0,746,1
4407,7,787,204,753,2
4408,123,761,0,729,2
4409,83,123,63,729,1
4410,142,752,0,713,2
4411,67,767,0,732,2
4412,654,242,0,33,3
4413,220,688,460,701,2
4414,0,747,0,720,2
4415,699,855,0,187,4
4416,78,34,120,754,1
4417,0,0,90,752,1
4418,0,163,79,761,1
4419,1,791,0,743,2
4420,110,714,0,684,2
4421,0,0,93,735,1
4422,237,0,0,747,1
4423,349,0,620,666,1
4424,640,787,0,0,4
4425,6,804,0,731,2
4426,305,0,627,748,1
4427,195,0,237,752,1
4428,195,0,380,328,3
4429,0,89,0,749,1
4430,608,205,0,52,3
4431,10,0,281,738,1
4432,0,781,0,726,2
4433,197,0,102,745,1
4434,141,0,286,732,1
4435,671,170,0,261,3
4436,2,0,146,751,1
4437,0,745,40,693,2
4438,0,741,0,707,2
4439,130,752,8,720,2
4440,245,164,241,680,1
4441,179,0,54,711,1
4442,131,99,136,759,1
4443,0,0,16,747,1
4444,154,145,320,738,1
4445,628,764,372,205,4
4446,665,154,197,274,3
4447,130,793,0,742,2
4448,670,565,228,254,4
4449,577,723,357,157,4
4450,0,768,0,713,2
4451,217,160,24,723,1
4452,0,759,85,729,2
4453,142,158,54,747,1
4454,0,826,38,769,2
4455,186,0,220,778,1
4456,191,52,0,749,1
4457,98,692,64,695,2
4458,89,770,0,728,2
4459,177,0,401,796,1
4460,121,51,0,762,1
4461,216,706,0,678,2
4462,0,784,0,732,2
4463,119,738,0,692,2
4464,642,751,13,229,4
4465,0,757,0,735,2
4466,211,256,0,743,1
4467,575,714,0,164,4
4468,70,26,27,760,1
4469,711,0,244,232,3
4470,168,718,0,681,2
4471,620,735,0,222,4
4472,84,736,258,703,2
4473,97,738,0,697,2
4474,0,713,0,709,2
4475,62,779,176,748,2
4476,110,0,0,715,1
4477,227,0,0,745,1
4478,159,785,0,741,2
4479,104,0,136,737,1
4480,182,155,132,735,1
4481,662,131,231,26,3
4482,78,775,0,723,2
4483,29,739,117,708,2
4484,81,789,0,738,2
4485,0,778,0,691,2
4486,225,0,93,761,1
4487,35,699,0,684,2
4488,399,146,82,270,3
4489,0,744,13,736,2
4490,235,0,278,768,1
4491,0,3,58,736,1
4492,239,0,280,793,1
4493,570,662,0,59,4
4494,642,769,312,138,4
4495,236,0,95,739,1
4496,0,2,0,715,1
4497,645,758,127,213,4
4498,616,753,31,174,4
4499,0,0,99,721,1
4500,203,12,36,784,1
4501,123,127,363,601,1
4502,15,788,34,736,2
4503,620,777,0,67,4
4504,76,712,154,688,2
4505,108,724,0,716,2
4506,0,782,0,752,2
4507,78,81,78,721,1
4508,0,775,0,722,2
4509,185,208,143,759,1
4510,0,677,0,606,2
4511,144,0,416,782,1
4512,0,755,0,710,2
4513,0,0,137,750,1
4515,48,269,0,740,1
4516,191,0,0,758,1
4517,107,803,0,757,2
4518,143,104,87,766,1
4519,96,198,58,727,1
4520,236,49,43,785,1
4521,638,747,39,188,4
4522,196,0,314,732,1
4523,204,134,79,748,1
4524,243,702,0,600,2
4525,147,132,73,734,1
4526,640,756,2,244,4
4527,0,740,0,701,2
4528,0,753,0,687,2
4529,92,806,454,729,2
4530,607,725,0,155,4
4531,163,712,21,697,2
4532,0,76,0,761,1
4533,135,250,0,736,1
4534,287,204,438,655,1
4535,203,0,322,728,1
4536,76,749,0,735,2
4537,172,13,225,749,1
4538,267,0,0,778,1
4540,116,182,0,714,1
4541,56,21,299,753,1
4542,136,767,54,715,2
4543,99,748,0,720,2
4544,210,746,368,712,2
4545,724,137,253,110,3
4546,24,723,75,705,2
4547,695,798,48,220,4
4548,202,4,0,720,1
4549,597,737,0,206,4
4550,167,718,0,704,2
4551,0,19,9,771,1
4552,83,137,262,779,1
4553,22,763,95,721,2
4554,57,0,283,744,1
4555,739,191,0,223,3
4556,156,0,70,716,1
4557,156,0,273,735,1
4558,94,315,0,770,1
4559,266,212,335,591,1
4560,19,742,10,724,2
4561,92,24,24,757,1
4562,69,0,61,746,1
4563,95,238,0,759,1
4564,602,766,24,222,4
4565,250,201,201,738,1
4566,114,0,277,741,1
4567,637,788,55,143,4
4568,618,781,127,184,4
4569,82,0,49,756,1
4570,183,138,0,759,1
4571,617,728,0,205,4
4572,207,56,137,743,1
4573,76,0,480,747,1
4574,0,705,0,704,2
4575,0,735,0,706,2
4577,112,706,0,694,2
4578,0,753,0,722,2
4579,0,752,0,717,2
4580,602,683,0,237,4
4581,216,0,307,681,1
4582,23,719,0,691,2
4583,659,251,0,195,3
4584,161,359,0,698,1
4585,651,0,43,231,3
4586,658,0,0,153,3
4587,172,0,0,751,1
4588,78,222,265,758,1
4589,125,36,4,725,1
4590,227,0,0,779,1
4591,164,0,0,775,1
4592,0,737,0,711,2
4593,35,0,0,745,1
4594,111,0,429,734,1
4595,178,0,161,749,1
4596,606,767,0,0,4
4597,297,340,198,808,1
4598,115,93,123,742,1
4599,142,745,0,697,2
4600,689,0,268,192,3
4601,0,701,70,714,2
4602,706,219,212,163,3
4603,168,340,0,770,1
4604,641,750,122,232,4
4605,0,771,61,741,2
4606,654,34,290,214,3
4607,226,219,0,767,1
4608,125,101,153,757,1
4609,110,613,323,624,2
4610,255,150,0,766,1
4611,127,68,0,754,1
4612,146,33,362,743,1
4613,658,758,182,293,4
4614,655,1,97,131,3
4615,0,817,0,750,2
4616,0,758,113,716,2
4617,529,722,0,400,4
4618,0,769,0,736,2
4619,124,681,0,707,2
4620,133,722,0,680,2
4621,552,754,0,226,4
4622,117,247,0,738,1
4623,204,243,66,723,1
4624,0,0,0,766,1
4625,128,789,0,756,2
4626,215,57,0,796,1
4627,185,167,217,679,1
4628,89,0,0,720,1
4629,616,766,0,102,4
4630,113,780,0,703,2
4631,10,770,0,735,2
4632,77,729,73,692,2
4633,186,739,188,692,2
4634,317,0,332,689,1
4635,40,0,42,750,1
4636,111,729,0,714,2
4637,132,120,0,318,3
4638,222,0,276,772,1
4639,0,0,836,89,3
4640,38,220,176,757,1
4641,220,305,412,728,1
4642,0,143,122,779,1
4643,697,221,119,174,3
4644,608,742,0,238,4
4645,104,0,168,756,1
4646,254,17,156,794,1
4647,166,208,186,731,1
4648,87,795,0,747,2
4649,75,787,0,723,2
4650,613,680,9,286,4
4651,7,0,0,722,1
4652,178,712,0,694,2
4653,0,0,178,715,1
4654,614,765,509,242,4
4655,674,255,0,186,3
4656,269,151,334,293,3
4657,144,0,276,765,1
4658,583,677,0,70,4
4659,0,676,0,700,2
4660,159,92,0,761,1
4661,120,133,0,718,1
4662,68,759,0,743,2
4663,644,770,0,61,4
4664,0,752,0,730,2
4665,88,259,27,771,1
4666,646,82,260,246,3
4667,129,0,37,758,1
4669,67,703,151,687,2
4670,0,794,0,756,2
4671,166,748,0,702,2
4672,176,0,80,767,1
4673,91,710,0,719,2
4674,496,646,0,162,4
4675,635,785,82,231,4
4676,15,749,0,716,2
4677,0,741,101,698,2
4678,599,734,28,251,4
4679,232,754,0,707,2
4680,230,249,0,752,1
4681,0,697,371,681,2
4682,128,38,0,744,1
4683,0,727,0,701,2
4684,223,117,1,770,1
4685,96,169,0,778,1
4686,156,727,0,702,2
4687,36,112,67,714,1
4688,86,91,43,782,1
4689,45,761,0,721,2
4690,111,0,0,741,1
4691,90,739,0,724,2
4692,108,778,0,741,2
4693,0,62,0,752,1
4694,0,736,32,727,2
4695,85,166,138,747,1
4696,717,0,373,2,3
4697,76,10,0,755,1
4698,70,786,0,728,2
4699,637,742,431,123,4
4700,135,726,30,697,2
4701,0,777,0,765,2
4702,0,766,0,741,2
4703,153,193,0,717,1
4704,134,742,0,826,2
4705,716,0,129,3,3
4706,622,766,0,230,4
4707,621,763,82,95,4
4708,690,168,369,163,3
4709,195,117,76,745,1
4710,195,0,0,735,1
4711,150,708,0,692,2
4712,0,0,400,726,1
4713,216,741,0,697,2
4714,267,479,249,651,2
4715,652,792,0,276,4
4716,147,820,0,769,2
4717,207,171,35,738,1
4718,654,80,212,172,3
4719,580,745,219,202,4
4720,106,778,0,740,2
4721,195,0,374,789,1
4722,105,763,301,714,2
4723,672,797,0,232,4
4724,471,162,458,318,3
4725,129,742,199,718,2
4726,656,110,180,119,3
4727,0,716,100,700,2
4728,0,0,239,737,1
4729,0,721,0,698,2
4730,149,90,0,800,1
4731,65,5,0,753,1
4732,133,138,226,660,1
4733,210,209,219,763,1
4734,189,766,0,732,2
4735,77,743,0,699,2
4736,109,120,0,754,1
4737,237,0,32,764,1
4738,677,0,257,123,3
4739,196,209,31,747,1
4740,189,133,32,741,1
4741,0,0,922,246,3
4742,91,274,0,719,1
4743,177,48,0,763,1
4744,222,193,361,703,1
4745,224,71,0,706,1
4746,125,89,325,737,1
4747,64,705,0,710,2
4748,14,0,154,760,1
4749,150,738,0,695,2
4750,94,168,0,746,1
4751,579,742,0,191,4
4752,123,0,169,709,1
4753,0,718,457,701,2
4754,0,741,0,701,2
4755,677,0,471,39,3
4756,38,697,0,697,2
4757,612,764,281,266,4
4758,659,793,0,37,4
4759,47,765,388,719,2
4760,652,781,87,206,4
4761,151,206,0,735,1
4762,0,757,23,714,2
4763,165,690,0,702,2
4764,0,0,958,0,3
4765,667,47,141,213,3
4766,0,781,246,751,2
4767,203,276,0,743,1
4768,27,656,482,664,2
4769,628,758,54,139,4
4770,657,0,231,192,3
4771,45,734,65,725,2
4772,169,57,179,758,1
4773,72,688,158,653,2
4774,619,741,0,174,4
4775,588,710,0,222,4
4776,203,761,488,713,2
4777,130,2,57,757,1
4778,246,787,0,715,2
4779,261,0,137,791,1
4780,92,0,85,743,1
4781,237,170,105,720,1
4782,0,731,0,716,2
4783,111,728,0,699,2
4784,116,0,150,720,1
4785,607,704,150,144,4
4786,66,0,280,746,1
4787,0,784,0,719,2
4788,0,752,0,730,2
4789,9,666,0,624,2
4790,170,63,0,745,1
4791,0,741,97,684,2
4792,0,0,15,763,1
4793,215,245,0,729,1
4794,160,734,107,724,2
4795,0,719,80,681,2
4796,268,136,154,762,1
4797,159,199,13,747,1
4798,665,111,53,186,3
4799,0,22,346,753,1
4800,10,698,297,680,2
4801,59,188,71,752,1
4802,611,733,84,231,4
4803,317,0,136,785,1
4804,0,739,63,722,2
4805,0,775,0,727,2
4806,151,190,28,766,1
4807,143,94,0,755,1
4808,136,87,5,734,1
4809,0,778,0,732,2
4810,606,762,0,144,4
4811,91,0,136,744,1
4812,43,198,218,725,1
4813,0,812,0,756,2
4814,168,183,0,771,1
4815,109,754,129,715,2
4816,24,755,0,737,2
4817,133,163,0,796,1
4818,60,732,0,710,2
4819,21,706,0,692,2
4820,206,0,158,746,1
4821,266,795,0,736,2
4822,143,0,48,723,1
4823,10,769,221,710,2
4824,197,0,0,765,1
4825,203,326,47,738,1
4826,622,743,62,14,4
4827,95,708,40,708,2
4828,138,121,70,728,1
4829,623,753,499,168,4
4830,103,96,127,686,1
4831,634,142,128,50,3
4832,726,223,0,181,3
4833,243,722,0,714,2
4834,689,23,92,263,3
4835,240,227,94,723,1
4837,201,0,179,732,1
4838,179,659,87,643,2
4839,756,153,0,273,3
4840,613,689,224,181,4
4841,116,667,131,683,2
4842,177,0,389,721,1
4843,0,735,88,714,2
4844,634,742,39,164,4
4845,29,735,0,700,2
4846,59,140,0,753,1
4847,45,0,94,758,1
4848,227,745,0,709,2
4849,550,726,235,180,4
4850,40,236,103,746,1
4851,640,21,11,277,3
4852,74,758,0,706,2
4853,118,44,98,736,1
4854,636,756,0,189,4
4855,0,773,271,714,2
4856,299,627,605,577,2
4857,233,164,134,712,1
4858,86,186,167,730,1
4859,33,0,0,756,1
4860,653,142,11,209,3
4861,0,736,204,721,2
4862,637,755,0,171,4
4863,86,95,0,768,1
4864,205,7,179,737,1
4865,694,817,103,179,4
4866,142,750,0,720,2
4867,596,758,123,83,4
4868,143,642,75,649,2
4869,138,776,235,766,2
4870,61,763,36,704,2
4871,152,0,0,744,1
4872,150,72,56,765,1
4873,65,683,0,664,2
4874,127,775,0,742,2
4875,225,177,294,588,1
4876,0,745,0,739,2
4877,154,67,191,760,1
4878,167,170,82,744,1
4879,604,0,568,230,3
4880,644,789,31,235,4
4881,216,76,99,789,1
4882,655,772,90,153,4
4883,227,757,0,724,2
4884,144,64,0,722,1
4885,178,749,283,712,2
4886,192,194,114,750,1
4887,158,659,63,637,2
4888,232,760,74,717,2
4889,594,735,0,292,4
4890,45,770,0,746,2
4891,618,773,374,188,4
4892,198,240,0,790,1
4893,141,0,14,736,1
4894,99,759,0,713,2
4895,95,761,0,725,2
4896,0,734,0,693,2
4897,50,674,0,586,2
4898,0,767,0,718,2
4899,281,6,0,790,1
4900,114,157,450,697,1
4901,0,746,0,703,2
4902,41,748,0,726,2
4903,723,191,0,210,3
4904,0,752,0,704,2
4905,0,747,0,720,2
4906,0,843,0,791,2
4907,174,0,194,729,1
4908,120,715,0,677,2
4909,284,703,0,701,2
4910,220,0,505,738,1
4911,219,102,165,740,1
4912,123,33,0,761,1
4913,163,0,270,762,1
4914,156,154,0,730,1
4915,75,738,204,708,2
4916,218,0,254,765,1
4917,87,29,129,755,1
4918,206,596,269,682,2
4919,79,0,238,756,1
4920,114,679,0,681,2
4921,0,725,0,710,2
4922,108,0,36,727,1
4923,160,74,62,697,1
4924,2,689,216,687,2
4925,84,4,123,753,1
4926,186,251,205,698,1
4927,194,0,0,742,1
4928,155,112,0,783,1
4929,72,0,137,762,1
4930,75,0,349,734,1
4931,0,777,0,731,2
4932,0,709,80,692,2
4933,175,723,132,691,2
4934,199,0,19,710,1
4935,63,725,156,697,2
4936,0,652,0,584,2
4937,191,751,0,731,2
4938,670,756,0,123,4
4939,0,804,0,753,2
4941,129,0,335,741,1
4942,198,720,0,688,2
4943,105,197,0,737,1
4944,634,29,280,167,3
4945,230,6,134,778,1
4946,0,40,129,735,1
4947,687,193,1,85,3
4948,224,733,258,699,2
4949,73,185,44,757,1
4950,617,739,0,200,4
4951,128,752,26,714,2
4952,0,765,0,726,2
4953,127,144,49,779,1
4954,111,704,0,659,2
4955,166,0,306,738,1
4956,205,765,0,683,2
4957,695,244,0,247,3
4958,145,290,130,754,1
4959,167,0,283,665,1
4960,610,759,97,163,4
4961,599,715,79,215,4
4962,35,36,0,769,1
4963,0,725,50,718,2
4964,0,766,6,729,2
4965,22,0,156,769,1
4966,175,705,112,717,2
4967,33,0,139,732,1
4968,315,0,377,307,3
4969,0,764,0,747,2
4970,88,174,0,758,1
4971,163,0,251,819,1
4972,7,771,0,719,2
4973,209,175,0,737,1
4974,166,759,102,740,2
4975,604,771,440,149,4
4976,161,88,0,763,1
4977,0,752,0,707,2
4978,157,0,84,787,1
4979,15,730,0,703,2
4980,166,731,269,704,2
4981,55,714,34,707,2
4982,603,128,211,257,3
4983,660,804,105,118,4
4984,196,238,0,804,1
4985,137,43,116,765,1
4986,616,712,153,108,4
4987,0,499,1012,0,3
4988,142,0,227,758,1
4989,178,214,0,770,1
4990,160,170,0,783,1
4991,227,63,157,771,1
4992,593,748,40,186,4
4993,140,0,222,731,1
4994,214,201,0,756,1
4995,200,103,0,800,1
4996,0,774,46,706,2
4997,0,718,441,689,2
4998,0,761,0,721,2
4999,0,20,0,731,1
5000,106,181,0,775,1
5001,42,734,13,711,2
5002,172,0,0,803,1
5003,146,175,82,745,1
5004,0,716,0,677,2
5005,674,80,123,159,3
5006,0,760,0,713,2
5007,252,0,331,745,1
5008,633,753,79,115,4
5009,0,727,2,681,2
5010,0,0,880,632,1
5011,163,0,141,732,1
5012,145,742,0,713,2
5013,681,146,0,125,3
5014,197,0,366,742,1
5015,117,757,86,739,2
5016,201,738,81,711,2
5017,647,717,316,208,4
5018,87,706,0,681,2
5019,202,286,0,732,1
5020,713,26,153,0,3
5021,267,83,207,765,1
5022,603,768,0,236,4
5023,570,723,101,180,4
5024,125,0,0,766,1
5025,184,0,214,798,1
5026,212,0,20,748,1
5027,0,726,229,690,2
5028,633,810,5,102,4
5029,20,727,0,674,2
5030,235,773,0,737,2
5031,65,130,0,728,1
5032,637,782,0,262,4
5033,115,0,306,782,1
5034,200,0,164,761,1
5035,134,0,0,737,1
5036,152,713,0,657,2
5037,191,185,0,736,1
5038,83,117,125,756,1
5039,237,769,0,709,2
5040,581,719,0,232,4
5041,141,811,257,764,2
5042,0,18,164,765,1
5043,207,73,222,766,1
5044,151,747,0,719,2
5045,27,189,153,746,1
5046,192,2,0,750,1
5047,79,789,0,737,2
5048,30,0,399,681,1
5049,143,705,20,712,2
5050,0,777,483,735,2
5051,0,725,0,704,2
5052,165,0,483,716,1
5053,224,151,0,765,1
5054,230,160,126,764,1
5055,144,5,0,741,1
5056,640,754,177,198,4
5057,204,202,195,701,1
5058,0,0,33,754,1
5059,97,741,0,693,2
5060,150,122,0,737,1
5061,195,0,0,772,1
5062,165,90,17,697,1
5063,151,699,160,693,2
5064,705,208,222,170,3
5065,31,691,355,614,2
5066,595,9,255,195,3
5067,21,0,37,744,1
5068,186,150,102,699,1
5069,234,1,1,767,1
5070,745,29,466,212,3
5071,194,228,264,759,1
5072,747,186,308,232,3
5073,113,741,0,718,2
5074,0,782,31,753,2
5075,23,783,0,724,2
5076,0,780,0,725,2
5077,199,0,206,754,1
5078,3,719,40,696,2
5079,17,235,37,718,1
5080,267,115,154,737,1
5081,129,0,0,751,1
5082,0,56,196,726,1
5083,0,62,118,713,1
5084,218,0,91,778,1
5085,209,255,220,720,1
5086,49,709,0,693,2
5087,0,157,7,748,1
5088,172,29,0,769,1
5089,133,722,0,688,2
5090,600,760,0,80,4
5091,185,792,310,756,2
5092,0,763,21,740,2
5093,8,716,0,692,2
5094,67,0,0,743,1
5095,256,733,0,699,2
5096,235,700,285,705,2
5097,98,22,257,758,1
5098,153,84,88,759,1
5099,195,25,188,771,1
5100,456,683,288,229,4
5101,238,150,211,755,1
5102,0,794,447,762,2
5103,131,0,220,742,1
5104,82,0,131,743,1
5105,60,209,302,752,1
5106,622,740,104,264,4
5107,225,22,24,756,1
5108,766,292,11,194,3
5109,169,37,93,772,1
5110,137,78,0,274,3
5111,243,735,0,711,2
5112,144,11,126,750,1
5113,0,377,1001,0,3
5114,158,0,196,733,1
5115,77,732,0,705,2
5116,188,141,202,724,1
5117,217,671,52,602,2
5118,602,733,376,122,4
5119,0,733,68,720,2
5120,147,784,0,743,2
5121,0,826,0,743,2
5122,167,775,0,746,2
5123,0,83,77,779,1
5124,132,0,110,728,1
5125,123,220,0,766,1
5126,169,104,119,743,1
5127,20,0,81,742,1
5128,147,0,68,749,1
5129,62,222,0,734,1
5130,105,0,0,774,1
5131,189,0,70,727,1
5132,248,0,291,778,1
5133,695,0,210,112,3
5134,137,155,0,759,1
5135,62,711,0,673,2
5136,3,160,15,754,1
5137,123,781,6,743,2
5138,652,110,60,86,3
5139,147,796,0,769,2
5140,15,645,23,720,2
5141,125,34,0,796,1
5142,642,777,150,202,4
5143,635,744,0,103,4
5144,88,754,0,705,2
5145,0,362,1000,0,3
5146,109,151,0,747,1
5147,212,0,64,755,1
5148,86,722,143,690,2
5149,214,71,119,737,1
5150,664,27,0,227,3
5151,77,753,0,703,2
5152,150,160,0,760,1
5153,0,832,0,757,2
5154,251,111,0,743,1
5155,234,131,360,561,1
5156,0,730,0,711,2
5157,48,710,0,702,2
5158,40,0,131,759,1
5159,692,82,19,0,3
5160,276,216,325,698,1
5161,217,767,36,757,2
5162,47,785,48,746,2
5163,129,102,141,732,1
5164,231,181,63,740,1
5165,145,43,203,741,1
5166,661,140,89,121,3
5167,192,0,650,700,1
5168,594,721,0,245,4
5169,155,703,0,682,2
5170,220,0,120,734,1
5171,167,211,0,767,1
5172,140,0,228,646,1
5173,166,120,270,745,1
5174,89,698,459,698,2
5175,689,0,339,168,3
5176,90,1,0,773,1
5177,194,773,22,723,2
5178,231,96,0,788,1
5179,667,19,261,201,3
5180,233,57,96,739,1
5181,167,705,0,670,2
5182,121,779,0,734,2
5183,569,634,350,127,4
5184,0,707,426,693,2
5185,646,766,145,94,4
5186,114,749,0,726,2
5187,669,122,283,74,3
5188,79,0,170,745,1
5189,650,4,0,224,3
5190,619,778,0,185,4
5191,249,196,0,791,1
5192,668,0,319,292,3
5193,663,288,0,33,3
5194,648,0,273,193,3
5195,51,809,0,805,2
5196,137,61,0,724,1
5197,130,14,0,762,1
5198,259,4,107,787,1
5199,603,742,12,219,4
5200,0,183,0,749,1
5201,58,754,13,729,2
5202,74,773,25,730,2
5203,44,276,0,744,1
5204,172,747,0,747,2
5205,66,151,0,762,1
5206,126,749,43,722,2
5207,83,90,80,756,1
5208,0,777,0,752,2
5209,178,281,0,727,1
5210,15,29,162,746,1
5211,34,0,16,726,1
5212,608,769,284,301,4
5213,638,743,285,247,4
5214,74,0,0,761,1
5216,0,731,0,716,2
5217,605,778,0,256,4
5218,62,97,0,748,1
5219,203,0,0,746,1
5220,553,692,245,227,4
5221,49,12,112,735,1
5222,0,719,0,690,2
5223,609,720,137,160,4
5224,125,0,11,736,1
5225,75,0,0,763,1
5226,157,727,306,701,2
5227,645,776,192,209,4
5228,131,261,0,768,1
5229,249,0,29,798,1
5231,90,0,141,760,1
5232,617,749,0,106,4
5233,202,273,0,772,1
5234,0,794,85,767,2
5235,0,804,0,769,2
5236,15,753,0,735,2
5237,216,0,107,738,1
5238,86,744,0,705,2
5239,143,84,29,752,1
5240,99,91,0,750,1
5241,543,754,0,71,4
5242,182,0,67,764,1
5243,162,0,0,752,1
5244,172,0,302,790,1
5245,562,699,233,148,4
5246,692,0,237,250,3
5247,139,728,0,693,2
5248,12,11,0,748,1
5249,58,0,302,760,1
5250,99,0,245,763,1
5251,0,657,0,667,2
5252,306,0,450,566,1
5253,211,741,0,707,2
5254,164,154,32,735,1
5255,50,736,0,706,2
5256,141,0,197,736,1
5257,240,129,365,767,1
5258,188,0,164,746,1
5259,667,185,0,193,3
5260,672,0,499,60,3
5261,483,751,0,705,2
5262,666,118,119,243,3
5263,719,203,0,319,3
5264,26,218,0,753,1
5265,28,732,147,710,2
5266,204,0,113,728,1
5267,220,75,37,738,1
5268,564,725,147,163,4
5269,585,757,0,236,4
5270,0,758,0,719,2
5271,235,612,0,682,2
5272,121,0,207,765,1
5273,656,763,0,245,4
5274,0,782,0,776,2
5275,206,128,37,771,1
5276,155,58,83,753,1
5277,112,161,0,765,1
5278,673,827,0,164,4
5279,25,0,183,765,1
5280,160,284,325,682,1
5281,266,138,89,767,1
5282,92,763,40,741,2
5283,655,169,0,200,3
5284,606,746,0,183,4
5285,0,735,0,731,2
5286,1,789,0,731,2
5287,136,14,0,741,1
5288,76,775,0,744,2
5289,99,2,180,790,1
5290,0,0,111,736,1
5291,0,410,1007,0,3
5292,645,749,0,243,4
5293,618,731,431,111,4
5294,0,321,0,739,1
5295,595,769,349,139,4
5296,613,777,0,169,4
5297,724,183,120,143,3
5298,68,32,151,749,1
5299,183,0,350,749,1
5300,202,0,0,744,1
5301,160,0,55,744,1
5302,687,0,331,132,3
5303,115,0,136,782,1
5304,156,807,0,778,2
5305,0,762,0,741,2
5306,0,237,0,711,1
5307,229,106,57,776,1
5308,134,715,44,706,2
5309,1,758,0,722,2
5310,160,0,147,739,1
5311,223,0,524,744,1
5312,613,747,0,227,4
5313,123,147,21,746,1
5314,0,770,0,725,2
5315,262,33,128,776,1
5316,137,0,92,731,1
5317,235,265,0,747,1
5318,686,807,0,163,4
5319,627,752,0,226,4
5320,98,150,78,745,1
5321,193,174,224,678,1
5322,149,765,81,722,2
5323,271,191,272,766,1
5324,129,782,0,754,2
5325,127,759,144,726,2
5326,0,625,293,587,2
5327,55,760,0,718,2
5328,141,766,103,743,2
5329,96,0,111,770,1
5330,606,725,168,256,4
5331,264,81,84,760,1
5332,216,0,118,774,1
5333,141,42,0,731,1
5334,189,38,289,741,1
5335,0,780,100,760,2
5336,677,126,243,148,3
5337,398,481,77,769,2
5338,0,764,0,720,2
5339,148,0,95,760,1
5340,650,786,0,121,4
5341,691,179,0,222,3
5342,173,726,24,716,2
5343,0,781,0,736,2
5344,531,632,151,25,4
5345,122,837,0,779,2
5346,119,743,25,712,2
5347,103,604,0,587,2
5348,683,0,329,0,3
5349,570,0,223,230,3
5350,600,714,0,292,4
5351,73,726,0,691,2
5352,370,244,367,758,1
5353,286,149,96,785,1
5354,580,726,23,286,4
5355,259,34,0,804,1
5356,36,231,4,739,1
5357,0,753,366,733,2
5358,166,716,0,650,2
5359,67,767,0,705,2
5360,132,32,348,725,1
5361,111,739,10,697,2
5362,0,799,0,752,2
5363,715,827,0,144,4
5364,196,0,320,764,1
5365,197,709,140,709,2
5366,0,737,237,709,2
5367,5,792,0,739,2
5368,205,156,0,724,1
5369,0,673,90,663,2
5370,165,0,250,743,1
5371,580,691,99,221,4
5372,78,124,0,741,1
5373,0,772,103,738,2
5374,34,679,0,733,2
5375,668,799,0,254,4
5376,0,0,172,778,1
5377,0,716,337,691,2
5378,0,0,200,738,1
5379,92,0,152,728,1
5380,176,775,0,749,2
5381,0,730,0,697,2
5382,269,0,44,761,1
5383,164,7,14,768,1
5384,123,82,0,769,1
5385,30,166,137,731,1
5386,607,735,0,257,4
5387,573,728,250,229,4
5388,79,5,207,721,1
5389,119,72,7,771,1
5390,191,19,11,785,1
5391,654,102,156,250,3
5392,0,169,155,764,1
5393,615,0,138,72,3
5394,209,755,0,728,2
5395,0,749,0,726,2
5396,0,802,0,746,2
5397,54,713,220,682,2
5398,210,196,0,790,1
5399,90,738,76,700,2
5400,135,772,326,722,2
5401,94,713,0,688,2
5402,180,124,0,745,1
5403,104,652,0,582,2
5404,0,716,0,690,2
5405,157,0,547,742,1
5406,47,0,231,747,1
5407,34,738,181,733,2
5408,207,752,437,730,2
5409,144,66,0,756,1
5410,18,727,0,685,2
5411,70,785,0,764,2
5412,116,759,0,737,2
5413,0,55,384,751,1
5414,623,768,283,215,4
5415,113,49,390,717,1
5416,240,117,290,762,1
5417,114,3,149,765,1
5418,57,696,0,671,2
5419,0,684,0,689,2
5420,29,7,0,788,1
5421,0,738,208,696,2
5422,135,742,8,732,2
5423,726,0,675,200,3
5424,728,126,219,109,3
5425,101,0,10,788,1
5426,161,0,67,743,1
5427,183,743,0,723,2
5428,181,10,18,777,1
5429,69,202,42,762,1
5430,79,0,103,739,1
5431,248,0,214,786,1
5432,133,724,73,721,2
5433,606,739,0,226,4
5434,606,732,0,228,4
5436,674,0,23,287,3
5437,0,703,101,689,2
5438,233,0,911,0,3
5439,219,31,241,776,1
5440,712,170,249,103,3
5441,240,0,349,4,3
5442,0,741,0,736,2
5443,199,755,0,729,2
5444,204,104,92,781,1
5445,211,9,152,774,1
5446,0,742,26,715,2
5447,13,0,333,739,1
5448,31,0,990,0,3
5449,208,0,345,782,1
5450,0,782,0,721,2
5451,139,149,0,748,1
5452,82,695,420,680,2
5453,112,706,237,683,2
5454,0,729,0,688,2
5455,259,0,19,725,1
5456,185,0,94,735,1
5457,72,0,217,745,1
5458,722,190,131,136,3
5459,143,196,314,725,1
5460,181,83,168,805,1
5461,0,698,0,684,2
5462,267,52,289,704,1
5463,0,782,0,720,2
5464,665,198,179,0,3
5465,43,744,141,707,2
5466,77,750,0,713,2
5467,208,697,0,673,2
5468,170,0,161,753,1
5469,615,763,0,241,4
5470,67,160,0,753,1
5471,241,0,33,740,1
5472,6,188,0,742,1
5473,153,793,0,735,2
5474,0,752,0,730,2
5475,609,724,202,188,4
5476,503,566,774,34,4
5477,225,58,45,744,1
5478,0,724,308,698,2
5479,243,210,0,714,1
5480,0,768,0,719,2
5481,672,175,182,207,3
5482,125,0,0,759,1
5483,0,753,0,730,2
5484,69,0,201,744,1
5485,659,100,123,63,3
5486,214,0,236,741,1
5487,0,762,0,741,2
5488,0,693,0,672,2
5489,671,104,300,105,3
5490,90,0,263,729,1
5491,194,42,32,746,1
5492,0,757,303,712,2
5493,169,794,0,734,2
5494,0,703,0,672,2
5495,34,0,345,718,1
5496,62,777,455,732,2
5497,114,138,23,732,1
5498,0,770,89,724,2
5499,224,183,163,727,1
5500,254,150,379,711,1
5501,154,0,0,801,1
5502,0,786,8,754,2
5503,642,767,202,349,4
5504,215,63,184,725,1
5505,34,780,0,713,2
5506,0,746,0,699,2
5507,182,734,105,687,2
5508,137,76,398,730,1
5509,166,177,138,750,1
5510,206,61,157,764,1
5511,679,54,245,233,3
5512,24,650,193,655,2
5513,109,177,41,756,1
5514,670,100,210,200,3
5515,244,18,216,658,1
5516,239,150,370,602,1
5517,134,178,61,790,1
5518,219,147,0,721,1
5519,208,0,175,769,1
5520,276,67,57,794,1
5521,212,162,80,798,1
5522,23,730,0,716,2
5523,104,764,114,718,2
5524,239,0,148,768,1
5525,71,186,0,781,1
5526,246,5,208,761,1
5527,589,743,100,108,4
5528,133,0,68,767,1
5529,159,141,102,764,1
5530,83,754,189,717,2
5531,184,573,168,723,2
5532,211,722,428,675,2
5533,304,109,527,701,1
5534,252,125,360,672,1
5535,0,715,30,695,2
5536,0,0,53,728,1
5537,156,0,298,752,1
5538,88,92,0,763,1
5539,251,0,321,807,1
5540,148,673,422,660,2
5541,5,754,38,716,2
5542,197,191,93,754,1
5543,32,149,0,754,1
5544,0,654,317,671,2
5545,53,710,138,694,2
5546,697,221,307,181,3
5547,106,147,0,746,1
5548,145,266,56,683,1
5549,158,163,0,798,1
5550,0,54,0,731,1
5551,0,747,29,708,2
5552,209,0,54,788,1
5553,107,726,0,687,2
5554,0,695,69,696,2
5555,195,287,0,752,1
5556,0,763,0,727,2
5557,55,75,284,758,1
5558,42,21,74,734,1
5559,113,709,434,691,2
5560,0,0,117,703,1
5561,129,0,95,737,1
5562,0,711,0,683,2
5563,23,729,0,700,2
5564,28,423,1001,0,3
5565,278,0,96,749,1
5566,96,775,0,712,2
5567,106,660,0,715,2
5568,194,93,175,753,1
5569,201,783,0,746,2
5570,664,79,452,5,3
5571,81,767,0,712,2
5572,0,769,390,737,2
5573,126,769,8,712,2
5574,241,0,103,704,1
5575,618,248,376,51,3
5576,100,793,0,750,2
5577,215,0,286,753,1
5578,100,738,0,694,2
5579,107,778,2,734,2
5580,161,242,213,748,1
5581,78,309,0,732,1
5582,213,736,0,714,2
5583,250,757,484,685,2
5584,27,748,14,728,2
5585,0,734,0,702,2
5586,117,769,103,736,2
5587,192,90,122,745,1
5588,53,698,0,706,2
5589,0,742,0,751,2
5590,98,771,167,731,2
5591,0,0,290,732,1
5592,632,757,127,222,4
5593,40,689,0,616,2
5594,118,71,357,740,1
5596,97,0,0,763,1
5597,0,778,0,739,2
5598,738,311,0,47,3
5599,0,784,0,746,2
5600,243,54,83,734,1
5601,131,307,0,778,1
5602,170,168,6,759,1
5603,36,223,0,728,1
5604,123,795,0,747,2
5605,142,765,74,728,2
5606,112,0,15,768,1
5607,151,0,40,729,1
5608,150,721,0,704,2
5609,216,215,0,760,1
5610,107,0,363,85,3
5611,203,812,0,781,2
5612,201,0,332,748,1
5613,36,741,0,705,2
5614,672,799,0,254,4
5615,0,230,252,776,1
5616,115,792,161,724,2
5617,130,80,62,736,1
5618,445,817,122,778,2
5619,0,720,0,688,2
5620,624,760,155,151,4
5621,580,662,0,108,4
5622,594,713,0,220,4
5623,236,0,399,649,1
5624,75,767,0,723,2
5625,138,0,41,732,1
5626,307,137,359,679,1
5627,100,54,46,743,1
5628,566,697,0,61,4
5629,148,0,39,748,1
5630,0,690,0,703,2
5631,128,69,0,760,1
5632,41,665,200,617,2
5633,145,0,202,744,1
5634,227,129,27,783,1
5635,48,740,22,686,2
5636,67,0,63,765,1
5637,0,753,0,700,2
5638,102,741,0,711,2
5639,622,752,0,142,4
5640,174,100,12,716,1
5641,632,748,8,94,4
5642,234,159,0,772,1
5643,145,0,74,753,1
5644,0,749,0,709,2
5645,619,740,163,193,4
5646,213,132,426,643,1
5647,164,101,293,650,1
5648,152,805,0,745,2
5649,235,0,211,763,1
5650,0,775,111,752,2
5651,0,773,17,737,2
5652,0,749,0,709,2
5653,281,726,253,688,2
5654,114,754,0,729,2
5655,502,651,0,112,4
5656,170,242,91,755,1
5657,151,755,0,728,2
5658,0,830,82,767,2
5659,232,132,15,773,1
5660,0,717,0,729,2
5661,1,688,140,667,2
5662,275,153,106,744,1
5663,89,794,0,729,2
5664,293,624,299,650,2
5665,151,771,353,722,2
5666,137,216,0,756,1
5667,56,159,0,754,1
5668,199,756,245,734,2
5669,570,762,0,72,4
5670,41,765,183,721,2
5671,623,740,8,0,4
5672,161,716,0,700,2
5673,259,63,250,659,1
5674,120,0,320,238,3
5675,140,209,0,771,1
5676,76,164,8,750,1
5677,207,743,0,723,2
5678,274,0,378,600,1
5679,43,276,0,778,1
5680,202,202,90,753,1
5681,117,92,0,746,1
5682,260,149,392,703,1
5683,680,161,181,174,3
5684,101,230,20,764,1
5685,710,818,16,143,4
5686,69,19,0,761,1
5687,146,705,0,693,2
5688,243,0,106,768,1
5689,640,748,0,202,4
5690,721,180,131,63,3
5691,0,47,400,769,1
5692,0,725,0,720,2
5693,77,664,588,644,2
5694,579,745,129,185,4
5695,157,86,47,774,1
5696,607,745,0,165,4
5697,631,756,163,106,4
5698,691,0,246,173,3
5699,708,92,0,204,3
5700,191,776,0,739,2
5701,0,0,979,0,3
5702,14,164,44,742,1
5703,0,751,0,698,2
5704,161,195,91,758,1
5705,85,743,0,714,2
5706,46,801,7,763,2
5707,133,59,24,743,1
5708,129,631,0,583,2
5709,223,0,30,760,1
5710,90,0,0,769,1
5711,0,742,0,735,2
5712,181,65,72,694,1
5713,73,90,224,740,1
5714,616,742,0,153,4
5715,291,0,321,788,1
5716,0,815,0,746,2
5717,143,0,87,763,1
5718,264,28,267,563,1
5719,204,545,174,772,2
5720,0,199,0,715,1
5721,88,0,42,776,1
5722,0,769,0,718,2
5723,0,728,145,702,2
5724,0,694,276,690,2
5725,659,174,223,232,3
5726,241,0,549,745,1
5727,122,0,304,744,1
5728,123,738,0,701,2
5729,59,0,460,722,1
5730,223,763,0,726,2
5731,64,737,0,686,2
5732,186,0,58,750,1
5733,179,126,38,737,1
5734,154,45,80,772,1
5735,118,10,255,742,1
5736,201,706,48,694,2
5737,127,730,0,717,2
5738,0,781,0,717,2
5739,148,132,141,783,1
5740,111,71,103,721,1
5741,155,117,255,733,1
5742,630,787,8,191,4
5743,583,710,203,161,4
5744,18,705,0,683,2
5745,142,0,0,730,1
5746,168,97,198,749,1
5747,179,52,8,797,1
5748,0,773,0,750,2
5749,52,154,0,760,1
5750,0,769,0,730,2
5751,182,373,144,755,1
5752,65,23,119,736,1
5753,0,0,356,743,1
5754,0,776,0,736,2
5755,127,0,0,774,1
5756,25,0,105,760,1
5757,0,748,0,720,2
5758,662,0,277,187,3
5759,198,728,343,711,2
5760,57,699,43,717,2
5761,58,156,174,771,1
5762,138,24,12,768,1
5763,0,0,152,746,1
5764,189,766,0,719,2
5765,143,0,212,774,1
5766,62,0,254,750,1
5767,181,0,302,674,1
5768,30,283,45,724,1
5769,250,0,130,774,1
5770,113,78,0,755,1
5771,71,300,0,723,1
5772,613,745,0,216,4
5773,180,94,392,568,1
5774,203,701,128,713,2
5775,101,65,70,704,1
5776,91,723,0,692,2
5777,36,280,0,775,1
5778,0,746,358,709,2
5779,140,758,0,712,2
5780,686,211,0,171,3
5781,0,824,0,781,2
5782,78,753,0,710,2
5783,674,204,0,213,3
5784,0,779,57,731,2
5785,163,0,355,752,1
5786,249,0,23,802,1
5787,182,713,0,700,2
5788,179,654,51,673,2
5789,689,822,0,241,4
5790,24,777,0,744,2
5791,1,788,0,726,2
5792,185,249,103,716,1
5793,0,773,0,734,2
5794,26,720,264,698,2
5795,74,747,0,730,2
5796,32,737,0,718,2
5797,0,151,16,722,1
5798,0,724,50,695,2
5799,632,786,0,290,4
5800,685,0,494,57,3
5801,255,45,323,666,1
5802,119,758,34,723,2
5803,71,88,0,731,1
5804,39,808,0,770,2
5805,617,734,0,154,4
5806,88,0,432,769,1
5807,38,796,68,741,2
5808,232,313,0,774,1
5809,205,245,0,708,1
5810,101,779,449,737,2
5811,190,199,0,757,1
5812,182,0,121,751,1
5813,638,764,0,15,4
5814,0,733,438,695,2
5815,653,187,33,205,3
5816,677,834,53,154,4
5817,62,0,265,792,1
5818,0,778,0,727,2
5819,0,748,61,721,2
5820,0,740,0,711,2
5821,618,810,78,94,4
5822,0,732,176,710,2
5823,0,760,6,737,2
5824,39,736,278,728,2
5825,655,86,121,123,3
5826,204,0,42,765,1
5827,83,0,10,766,1
5828,0,672,198,660,2
5829,58,226,336,753,1
5830,175,0,100,814,1
5831,191,0,61,738,1
5832,606,749,173,253,4
5833,237,0,458,765,1
5834,23,413,0,778,1
5835,132,131,112,775,1
5836,21,750,210,719,2
5837,138,738,96,707,2
5838,613,166,288,200,3
5839,72,782,15,738,2
5840,258,85,198,630,1
5841,57,770,0,739,2
5842,18,737,158,717,2
5843,113,169,211,753,1
5844,33,0,149,752,1
5845,206,118,0,721,1
5846,0,0,531,707,1
5847,6,721,0,698,2
5848,7,0,145,744,1
5849,158,220,0,755,1
5850,113,0,228,740,1
5851,163,0,306,713,1
5852,654,263,49,77,3
5853,149,0,384,746,1
5854,0,770,0,722,2
5855,216,147,222,770,1
5856,116,232,93,707,1
5857,53,169,94,746,1
5858,666,0,435,177,3
5859,0,747,0,713,2
5860,656,209,98,184,3
5861,164,262,24,786,1
5862,119,104,291,722,1
5863,23,111,44,762,1
5864,257,0,0,746,1
5865,85,100,156,726,1
5866,174,0,0,756,1
5867,163,111,265,723,1
5868,233,0,332,358,3
5869,0,721,14,689,2
5870,650,769,235,263,4
5871,669,0,236,132,3
5872,46,28,92,762,1
5873,195,728,0,697,2
5874,184,0,163,712,1
5875,203,173,220,767,1
5876,159,0,297,709,1
5877,606,730,0,173,4
5878,158,0,128,742,1
5879,156,209,126,746,1
5880,197,348,6,784,1
5881,677,38,0,46,3
5882,89,0,149,744,1
5883,630,754,0,242,4
5884,157,777,271,708,2
5885,0,758,36,722,2
5886,593,712,0,151,4
5887,200,0,0,760,1
5888,163,42,58,761,1
5889,10,0,419,744,1
5890,29,790,40,757,2
5891,10,179,40,754,1
5892,115,182,0,789,1
5893,238,171,109,755,1
5894,83,731,0,709,2
5895,631,736,257,0,4
5896,591,700,97,233,4
5897,0,767,0,730,2
5898,647,781,0,42,4
5899,241,0,298,781,1
5900,0,836,0,739,2
5901,0,760,0,729,2
5902,0,807,0,770,2
5903,83,780,51,747,2
5904,68,776,0,748,2
5905,597,692,0,108,4
5906,182,639,19,610,2
5907,197,26,41,759,1
5908,100,713,0,703,2
5909,0,0,237,745,1
5910,144,60,143,750,1
5911,637,821,33,113,4
5912,58,173,427,734,1
5913,0,720,0,699,2
5914,116,695,0,672,2
5915,207,717,349,704,2
5916,180,0,7,768,1
5917,661,803,0,243,4
5918,0,709,70,696,2
5919,257,658,59,638,2
5920,161,0,175,725,1
5921,186,205,0,756,1
5922,97,722,148,705,2
5923,37,118,0,756,1
5924,148,772,0,734,2
5925,0,718,0,697,2
5926,249,0,100,775,1
5927,180,199,412,723,1
5928,165,729,277,682,2
5929,0,803,0,730,2
5930,165,767,141,728,2
5931,60,0,163,745,1
5932,587,762,0,126,4
5933,128,862,0,813,2
5934,0,722,0,686,2
5935,0,788,0,712,2
5936,183,0,17,762,1
5937,156,0,230,748,1
5938,148,131,0,719,1
5939,0,766,182,733,2
5940,57,760,0,718,2
5941,161,772,0,739,2
5942,0,654,18,616,2
5943,151,748,0,724,2
5944,158,0,444,760,1
5945,129,294,0,757,1
5946,652,788,82,265,4
5947,639,723,0,170,4
5948,117,716,0,684,2
5949,169,0,63,773,1
5950,110,28,494,733,1
5951,150,46,453,733,1
5952,57,736,0,710,2
5953,282,109,321,203,3
5954,148,756,0,720,2
5955,77,0,170,730,1
5956,103,0,494,790,1
5957,338,0,0,759,1
5958,623,762,354,63,4
5959,0,768,2,725,2
5960,0,27,296,763,1
5961,3,762,0,732,2
5962,159,707,0,691,2
5963,231,745,0,732,2
5964,177,63,33,789,1
5965,189,753,0,723,2
5966,300,210,260,640,1
5967,192,0,464,714,1
5968,0,747,0,708,2
5969,682,25,285,230,3
5970,125,693,61,703,2
5971,654,0,217,165,3
5972,0,740,38,710,2
5973,109,263,0,756,1
5974,138,165,0,768,1
5975,0,690,0,661,2
5976,57,134,0,728,1
5977,0,714,0,702,2
5978,133,0,444,747,1
5979,185,211,308,741,1
5980,0,130,0,741,1
5981,166,765,0,726,2
5982,202,253,104,775,1
5983,665,171,0,277,3
5984,65,187,68,747,1
5985,64,752,0,727,2
5986,241,754,8,721,2
5987,67,276,0,743,1
5988,709,211,0,154,3
5989,0,727,1,694,2
5990,184,787,0,735,2
5991,159,730,79,705,2
5992,93,83,252,731,1
5993,168,0,216,771,1
5994,670,80,107,199,3
5995,230,313,74,802,1
5996,95,52,160,729,1
5997,138,0,49,758,1
5998,0,86,0,748,1
5999,601,653,42,200,4
6000,175,224,163,743,1
6001,35,743,163,708,2
6002,217,181,11,771,1
6003,221,120,0,785,1
6004,0,166,25,795,1
6005,663,0,274,164,3
6006,651,158,0,248,3
6007,86,0,77,674,1
6008,214,231,177,738,1
6009,688,203,0,258,3
6010,92,169,119,745,1
6011,567,197,0,215,3
6012,132,726,0,695,2
6013,162,730,64,680,2
6014,19,745,1,710,2
6015,90,0,173,756,1
6016,0,693,0,668,2
6017,223,152,11,743,1
6018,59,0,0,760,1
6019,0,717,0,700,2
6020,250,9,153,791,1
6021,54,716,0,707,2
6022,161,26,125,752,1
6023,622,751,120,230,4
6024,160,762,0,729,2
6025,11,721,0,680,2
6026,133,0,16,746,1
6027,617,753,0,185,4
6028,607,752,0,88,4
6029,0,759,0,727,2
6030,97,0,310,766,1
6031,0,107,0,731,1
6032,37,759,0,733,2
6033,157,59,179,757,1
6034,0,49,90,758,1
6035,0,673,0,689,2
6036,163,0,181,763,1
6037,149,0,141,776,1
6038,188,133,0,776,1
6039,0,714,0,712,2
6040,89,0,185,729,1
6041,604,711,102,0,4
6042,242,0,0,780,1
6043,223,0,166,753,1
6044,400,636,144,44,4
6045,25,765,14,724,2
6046,605,727,0,285,4
6047,0,785,0,735,2
6048,0,761,0,710,2
6049,643,0,274,168,3
6050,148,0,115,741,1
6051,240,731,0,714,2
6052,200,713,0,723,2
6053,35,153,410,729,1
6054,643,783,40,207,4
6055,656,222,41,248,3
6056,135,0,258,737,1
6057,172,97,158,741,1
6058,146,0,684,720,1
6059,691,99,0,189,3
6060,686,199,10,347,3
6061,599,728,0,138,4
6062,78,766,0,727,2
6063,0,720,0,722,2
6064,218,268,0,761,1
6065,191,0,170,795,1
6066,216,0,0,745,1
6067,103,42,317,750,1
6068,181,0,130,778,1
6069,160,772,52,736,2
6070,89,140,0,764,1
6071,106,762,0,709,2
6072,0,65,26,712,1
6073,181,157,0,725,1
6074,129,204,0,764,1
6075,149,143,0,721,1
6076,0,0,137,729,1
6077,562,664,0,228,4
6078,666,325,98,205,3
6079,9,189,17,726,1
6080,110,102,56,735,1
6081,221,0,1,755,1
6082,123,721,3,690,2
6083,0,123,0,757,1
6084,722,0,246,163,3
6085,99,9,1,759,1
6086,621,785,0,48,4
6087,639,774,0,308,4
6088,593,760,0,249,4
6090,126,0,74,750,1
6091,0,763,297,711,2
6092,223,0,183,779,1
6093,649,772,179,199,4
6094,123,0,20,768,1
6095,80,692,31,680,2
6096,153,72,17,726,1
6097,170,0,352,730,1
6098,161,700,0,706,2
6099,42,158,92,732,1
6100,134,0,0,737,1
6101,573,666,0,235,4
6102,111,455,0,791,1
6103,153,151,34,734,1
6104,98,8,156,763,1
6105,71,0,174,838,1
6106,229,745,0,746,2
6107,0,783,0,724,2
6108,672,134,43,196,3
6109,278,0,122,784,1
6110,710,0,269,164,3
6111,197,291,137,705,1
6112,242,122,220,766,1
6113,192,60,322,720,1
6114,63,48,85,834,1
6115,172,723,52,687,2
6116,739,146,0,206,3
6117,0,788,18,740,2
6118,166,0,0,758,1
6119,193,0,39,731,1
6120,74,254,16,757,1
6121,42,0,131,732,1
6122,219,0,146,769,1
6123,58,187,44,721,1
6124,171,124,0,756,1
6125,89,768,249,722,2
6126,163,128,55,769,1
6127,35,764,0,717,2
6128,152,0,54,738,1
6129,193,660,21,601,2
6131,424,782,292,724,2
6132,0,480,991,0,3
6133,0,783,15,759,2
6134,549,746,0,201,4
6135,673,177,95,185,3
6136,636,752,262,0,4
6137,109,239,271,614,1
6138,560,104,297,116,3
6139,0,200,159,717,1
6140,250,687,0,656,2
6141,239,161,538,633,1
6142,627,73,0,155,3
6143,0,673,0,678,2
6144,205,190,259,707,1
6145,74,72,18,735,1
6146,0,85,15,748,1
6147,0,768,0,733,2
6148,0,636,0,587,2
6149,141,723,0,689,2
6150,204,159,0,770,1
6151,213,147,8,737,1
6152,169,0,34,743,1
6153,609,751,0,46,4
6154,33,0,166,761,1
6155,94,741,115,726,2
6156,667,193,145,273,3
6157,70,205,7,763,1
6158,661,21,0,221,3
6159,240,772,220,718,2
6160,593,325,275,178,3
6161,181,763,276,739,2
6162,0,787,0,770,2
6163,29,0,210,764,1
6164,661,782,35,89,4
6165,0,183,0,757,1
6166,62,713,0,700,2
6167,12,727,73,698,2
6168,0,760,0,728,2
6169,76,719,0,696,2
6170,222,50,6,721,1
6171,646,789,0,242,4
6172,612,753,0,257,4
6173,64,415,73,774,1
6174,699,194,240,221,3
6175,657,763,0,60,4
6176,180,150,0,747,1
6177,26,730,0,679,2
6178,148,36,0,761,1
6179,0,761,0,695,2
6180,15,741,0,711,2
6181,157,12,0,746,1
6182,643,782,0,219,4
6183,592,691,0,166,4
6184,0,0,69,759,1
6185,116,0,0,761,1
6186,267,56,81,794,1
6187,161,791,223,745,2
6188,581,759,106,103,4
6189,24,64,63,744,1
6190,168,695,3,676,2
6191,648,1,157,222,3
6192,30,707,97,677,2
6193,0,730,382,727,2
6194,176,71,0,731,1
6195,669,225,0,214,3
6196,167,101,0,805,1
6197,113,693,0,694,2
6198,644,767,199,60,4
6199,135,174,4,762,1
6200,0,103,0,748,1
6201,244,100,109,757,1
6202,0,282,0,740,1
6203,0,713,227,692,2
6204,200,123,29,722,1
6205,105,747,0,733,2
6206,130,0,219,741,1
6207,206,712,172,698,2
6208,104,0,317,714,1
6209,56,736,0,703,2
6210,0,243,220,764,1
6211,237,66,0,762,1
6212,129,161,0,735,1
6213,709,0,284,190,3
6214,127,0,0,763,1
6215,666,232,99,185,3
6216,11,707,0,707,2
6217,202,819,0,798,2
6218,41,0,972,264,3
6219,120,178,0,769,1
6220,273,0,223,746,1
6221,245,0,323,743,1
6222,107,85,371,805,1
6223,161,278,122,749,1
6224,635,745,29,75,4
6225,0,730,0,693,2
6226,4,0,0,736,1
6227,33,219,0,746,1
6228,161,226,218,761,1
6229,137,260,0,755,1
6230,175,185,7,738,1
6231,0,703,122,674,2
6232,87,164,125,732,1
6233,163,243,300,678,1
6234,118,0,174,762,1
6235,76,731,715,704,2
6236,142,0,249,752,1
6237,211,26,304,756,1
6238,49,751,38,711,2
6239,163,161,14,704,1
6240,0,806,31,737,2
6241,191,731,0,719,2
6242,152,738,61,707,2
6243,135,0,24,748,1
6244,632,803,0,178,4
6245,108,722,0,717,2
6246,80,17,0,720,1
6247,121,0,262,693,1
6248,0,703,0,696,2
6249,260,0,350,229,3
6250,274,731,8,721,2
6251,26,132,40,755,1
6252,45,786,0,744,2
6253,0,759,45,719,2
6254,129,766,0,710,2
6255,114,188,0,732,1
6256,216,224,0,692,1
6257,5,756,0,712,2
6258,81,219,162,732,1
6259,203,688,337,693,2
6260,0,745,228,705,2
6261,210,57,162,731,1
6262,0,748,11,732,2
6263,0,732,17,709,2
6264,189,721,0,711,2
6265,0,209,23,778,1
6266,79,737,0,708,2
6267,0,772,0,739,2
6268,152,0,0,763,1
6269,580,742,0,172,4
6270,106,782,0,734,2
6271,767,252,246,127,3
6272,0,762,0,746,2
6273,601,710,0,72,4
6274,9,757,0,720,2
6275,117,0,147,727,1
6276,225,0,7,763,1
6277,652,764,471,67,4
6278,158,111,319,775,1
6279,83,732,0,695,2
6280,152,742,0,716,2
6281,101,757,13,734,2
6282,0,764,0,725,2
6283,684,793,8,233,4
6284,174,757,0,713,2
6285,0,789,0,746,2
6286,0,0,71,754,1
6287,37,0,382,779,1
6288,0,718,0,670,2
6289,82,52,109,768,1
6290,622,757,115,299,4
6291,576,743,0,265,4
6292,691,193,0,112,3
6293,140,715,0,677,2
6294,64,217,22,749,1
6295,163,98,0,761,1
6296,205,0,100,757,1
6297,189,140,61,749,1
6299,189,166,0,748,1
6300,40,752,0,730,2
6301,636,761,184,115,4
6302,368,225,147,771,1
6303,91,755,26,748,2
6304,163,29,9,792,1
6305,0,736,105,713,2
6306,109,769,0,700,2
6307,53,793,115,718,2
6308,626,271,87,221,3
6309,114,206,0,753,1
6310,173,0,0,742,1
6311,637,781,0,149,4
6312,248,175,0,737,1
6313,106,746,0,703,2
6314,0,755,404,735,2
6315,123,0,45,768,1
6316,210,24,204,751,1
6317,203,0,226,766,1
6318,173,22,0,766,1
6319,603,729,0,16,4
6320,94,0,130,737,1
6321,619,606,150,231,4
6322,0,722,0,687,2
6323,0,725,0,710,2
6324,636,755,0,209,4
6325,36,639,158,639,2
6326,180,0,0,743,1
6327,92,0,105,782,1
6328,0,728,0,716,2
6329,153,758,0,715,2
6330,575,743,265,122,4
6331,0,744,0,732,2
6332,111,731,0,709,2
6333,181,655,334,657,2
6334,635,212,0,175,3
6335,0,709,147,621,2
6336,263,733,53,706,2
6337,0,776,0,701,2
6338,247,149,1,748,1
6339,217,0,177,734,1
6340,152,0,0,762,1
6341,225,205,47,760,1
6342,0,747,26,727,2
6343,0,750,0,721,2
6344,573,762,454,99,4
6345,0,754,394,746,2
6346,0,395,993,0,3
6347,6,792,0,741,2
6348,152,793,20,762,2
6349,150,790,187,734,2
6350,647,491,0,124,4
6351,670,0,0,140,3
6352,0,743,0,707,2
6353,628,745,0,246,4
6354,0,766,67,705,2
6355,165,72,0,758,1
6356,11,792,0,745,2
6357,22,721,0,733,2
6358,271,0,0,789,1
6359,0,0,781,518,1
6360,2,780,0,751,2
6361,104,186,0,712,1
6362,0,729,0,707,2
6363,601,761,0,234,4
6364,86,0,191,754,1
6365,84,63,0,772,1
6366,69,785,45,733,2
6367,161,369,0,783,1
6368,158,307,193,733,1
6369,146,161,0,805,1
6370,282,740,116,701,2
6371,189,198,0,757,1
6372,214,191,159,760,1
6373,660,168,10,109,3
6374,76,679,218,681,2
6375,101,160,0,734,1
6376,284,0,121,793,1
6377,161,153,0,790,1
6378,216,0,60,757,1
6379,298,136,477,541,1
6380,161,62,210,741,1
6381,38,359,125,800,1
6382,211,770,0,724,2
6383,109,732,0,701,2
6384,180,0,62,736,1
6385,0,738,0,727,2
6386,194,759,0,714,2
6387,165,42,0,749,1
6388,195,43,69,738,1
6389,75,0,488,749,1
6390,164,158,438,765,1
6391,45,739,0,717,2
6392,0,767,0,719,2
6393,198,225,0,695,1
6394,54,718,40,712,2
6395,51,777,0,750,2
6396,184,714,0,686,2
6397,250,684,537,682,2
6398,164,33,56,752,1
6399,200,741,487,694,2
6400,25,690,0,685,2
6401,175,0,255,782,1
6402,211,213,184,742,1
6403,165,96,455,676,1
6404,99,737,197,708,2
6405,563,590,0,305,4
6406,251,155,39,730,1
6407,0,737,0,703,2
6408,247,0,91,779,1
6409,191,0,0,740,1
6410,601,757,0,151,4
6411,215,0,367,752,1
6412,591,737,297,211,4
6413,238,620,95,651,2
6415,213,718,500,714,2
6416,140,693,316,685,2
6417,0,820,0,759,2
6418,275,0,200,788,1
6419,83,728,0,725,2
6420,250,85,486,766,1
6421,168,0,36,778,1
6422,26,240,0,708,1
6423,100,766,18,722,2
6424,219,131,122,754,1
6425,0,552,1006,0,3
6426,176,0,338,749,1
6427,69,740,0,696,2
6428,173,671,167,657,2
6429,176,0,4,746,1
6430,205,719,419,690,2
6431,129,592,424,577,2
6432,78,21,21,765,1
6433,243,671,129,626,2
6434,215,0,280,759,1
6435,146,193,86,718,1
6436,163,79,36,753,1
6437,659,782,0,58,4
6438,605,762,7,85,4
6439,691,97,225,206,3
6440,670,259,202,261,3
6441,0,729,0,711,2
6442,112,762,61,728,2
6443,226,0,325,740,1
6444,0,820,0,751,2
6445,32,769,24,717,2
6446,61,0,296,730,1
6447,235,687,0,688,2
6448,42,90,193,755,1
6449,36,0,0,781,1
6450,120,0,375,756,1
6451,607,807,80,707,2
6452,612,754,468,215,4
6453,239,667,344,657,2
6454,32,758,0,716,2
6455,0,751,0,724,2
6456,642,0,469,73,3
6457,92,0,959,0,3
6458,7,780,0,742,2
6459,0,761,0,742,2
6460,180,171,245,774,1
6461,140,0,0,795,1
6462,141,8,330,738,1
6463,653,742,147,288,4
6464,0,660,85,659,2
6465,257,151,381,632,1
6466,15,727,328,680,2
6467,601,726,20,183,4
6468,0,789,0,731,2
6469,238,805,150,734,2
6470,175,272,0,792,1
6471,151,731,0,693,2
6472,207,0,303,328,3
6473,626,793,6,200,4
6474,674,809,0,225,4
6475,131,110,101,741,1
6476,90,54,1,756,1
6477,0,727,48,711,2
6478,592,720,0,228,4
6479,580,727,141,174,4
6480,674,0,398,0,3
6481,209,229,0,765,1
6482,675,801,0,306,4
6483,151,386,0,733,1
6484,237,0,393,741,1
6485,638,763,0,162,4
6486,108,767,117,733,2
6487,139,382,0,726,1
6488,173,801,84,794,2
6489,0,772,0,710,2
6490,183,0,450,765,1
6491,612,748,0,277,4
6492,250,93,12,756,1
6493,665,794,0,42,4
6494,664,786,0,232,4
6495,673,70,100,273,3
6496,73,321,282,770,1
6497,0,742,0,703,2
6498,0,763,224,720,2
6499,194,42,125,768,1
6500,0,799,0,741,2
6501,0,774,0,730,2
6502,465,650,179,73,4
6503,637,777,0,114,4
6504,114,136,249,739,1
6505,172,92,53,744,1
6506,0,773,0,727,2
6507,137,82,26,749,1
6508,0,694,93,675,2
6509,696,287,12,197,3
6510,107,693,0,673,2
6511,150,0,110,742,1
6512,191,772,0,739,2
6513,697,209,181,168,3
6514,0,0,393,689,1
6515,200,146,89,768,1
6516,7,147,29,739,1
6517,128,108,339,753,1
6518,147,756,0,729,2
6519,98,197,8,765,1
6520,100,173,65,694,1
6521,0,0,161,766,1
6522,204,0,0,761,1
6523,2,723,82,700,2
6524,99,779,0,721,2
6525,134,0,76,757,1
6526,614,738,336,74,4
6527,203,0,809,663,1
6528,185,598,81,635,2
6529,90,200,0,728,1
6530,195,115,0,749,1
6531,207,215,132,731,1
6532,69,88,254,758,1
6533,226,0,0,757,1
6534,12,24,0,721,1
6535,203,19,573,712,1
6536,193,0,367,664,1
6537,0,0,365,763,1
6538,271,213,384,541,1
6539,205,185,0,769,1
6540,45,0,0,737,1
6541,149,557,0,762,2
6542,687,60,173,271,3
6543,108,0,347,763,1
6544,0,758,0,711,2
6545,70,774,0,700,2
6546,93,681,0,685,2
6547,11,700,221,678,2
6548,88,801,81,746,2
6549,293,224,120,745,1
6550,65,0,379,759,1
6551,12,145,0,740,1
6552,82,784,0,734,2
6553,569,748,2,169,4
6554,150,15,317,757,1
6555,50,775,0,723,2
6556,658,184,0,204,3
6557,102,0,78,762,1
6558,624,736,0,199,4
6559,0,814,15,777,2
6560,0,723,0,667,2
6561,220,0,267,793,1
6562,29,725,146,708,2
6563,134,177,65,748,1
6564,199,0,0,730,1
6565,9,0,0,800,1
6566,139,0,238,739,1
6567,94,0,267,770,1
6568,62,764,0,737,2
6569,131,0,138,718,1
6570,0,146,327,767,1
6571,266,0,42,743,1
6572,627,610,0,269,4
6574,86,0,224,738,1
6575,9,778,0,747,2
6576,661,811,0,280,4
6577,55,771,258,742,2
6578,111,685,137,603,2
6579,193,739,232,708,2
6580,583,749,0,131,4
6581,0,739,126,707,2
6582,164,767,135,701,2
6583,0,761,0,722,2
6584,188,0,38,764,1
6585,85,127,0,771,1
6586,162,0,466,735,1
6587,81,759,336,711,2
6588,649,0,500,44,3
6589,669,249,212,222,3
6590,16,156,61,781,1
6591,191,81,141,792,1
6592,48,0,44,754,1
6593,38,102,0,781,1
6594,611,315,0,0,3
6595,77,0,0,727,1
6596,70,698,317,697,2
6597,17,754,0,712,2
6598,632,731,188,204,4
6600,70,0,15,753,1
6601,183,160,278,773,1
6602,105,0,824,0,3
6603,0,751,304,731,2
6604,98,624,599,619,2
6605,266,0,465,772,1
6606,223,0,0,788,1
6607,131,0,0,774,1
6608,157,0,126,773,1
6609,0,190,146,763,1
6610,648,0,444,51,3
6611,250,99,189,754,1
6612,153,821,0,754,2
6613,38,87,0,739,1
6614,98,35,0,778,1
6615,110,770,0,730,2
6616,0,780,0,739,2
6617,0,800,0,726,2
6618,224,0,0,724,1
6619,153,762,0,731,2
6620,71,775,0,733,2
6621,0,798,0,740,2
6622,705,129,72,201,3
6623,192,0,78,755,1
6624,23,719,0,688,2
6625,176,0,237,748,1
6626,186,113,100,723,1
6627,0,737,455,699,2
6628,0,685,0,682,2
6629,608,696,0,229,4
6630,0,716,16,699,2
6631,162,0,128,775,1
6632,157,407,122,776,1
6633,0,6,0,770,1
6634,103,691,423,705,2
6635,121,0,39,734,1
6636,141,0,31,772,1
6637,147,0,213,760,1
6638,6,781,150,740,2
6639,151,105,32,763,1
6640,0,741,0,704,2
6641,76,711,0,682,2
6642,34,0,115,741,1
6643,179,0,474,805,1
6644,107,149,1,745,1
6645,137,203,257,691,1
6646,235,0,267,747,1
6647,162,45,219,740,1
6648,584,806,0,227,4
6649,89,0,218,755,1
6650,674,199,12,206,3
6651,625,743,0,238,4
6652,703,238,93,246,3
6653,0,774,0,753,2
6654,731,213,278,121,3
6655,39,759,0,733,2
6656,0,738,0,714,2
6657,0,810,0,766,2
6658,173,815,0,763,2
6659,0,722,11,690,2
6660,0,758,0,732,2
6661,148,132,177,754,1
6662,2,0,235,744,1
6663,199,663,75,598,2
6664,576,711,254,118,4
6665,64,89,261,740,1
6666,25,0,97,741,1
6667,131,0,233,753,1
6668,145,180,43,791,1
6669,104,0,40,740,1
6670,207,722,6,712,2
6671,0,747,0,712,2
6672,105,765,41,723,2
6673,34,0,131,724,1
6674,0,0,205,748,1
6675,251,0,0,806,1
6676,0,768,0,739,2
6677,84,0,135,729,1
6678,50,777,333,739,2
6679,142,206,138,761,1
6680,29,743,0,724,2
6681,627,0,659,0,3
6682,692,195,15,156,3
6683,615,730,14,109,4
6684,126,0,75,740,1
6685,220,0,200,766,1
6686,673,0,15,222,3
6687,117,212,0,771,1
6688,0,757,0,723,2
6689,248,0,388,697,1
6690,579,725,67,292,4
6691,592,832,0,197,4
6692,576,773,324,180,4
6693,127,3,34,764,1
6694,16,724,0,701,2
6695,554,602,269,34,4
6696,209,777,0,738,2
6697,187,29,102,760,1
6698,708,206,184,294,3
6699,105,348,195,797,1
6700,651,768,262,208,4
6701,193,0,310,753,1
6702,231,0,168,758,1
6703,234,223,203,752,1
6704,252,12,62,758,1
6705,85,55,201,718,1
6706,107,200,125,743,1
6707,126,716,0,705,2
6708,4,0,471,711,1
6709,632,766,0,152,4
6710,597,112,280,249,3
6711,212,0,0,790,1
6712,0,158,160,729,1
6713,270,25,335,664,1
6714,201,209,0,250,3
6715,158,766,438,769,2
6716,32,0,59,725,1
6717,264,13,680,605,1
6718,640,10,292,89,3
6719,194,223,0,741,1
6720,19,61,0,744,1
6721,620,740,0,72,4
6722,106,182,121,798,1
6723,62,745,0,698,2
6724,177,208,0,746,1
6725,153,0,445,732,1
6726,148,0,0,762,1
6727,169,0,36,741,1
6728,75,726,0,707,2
6729,220,68,56,722,1
6730,181,80,0,745,1
6731,216,733,0,709,2
6732,633,793,0,184,4
6733,45,727,110,707,2
6734,24,0,146,770,1
6735,272,553,0,704,2
6736,126,747,0,723,2
6737,76,0,43,763,1
6738,205,0,11,775,1
6739,115,725,238,734,2
6740,228,0,477,678,1
6741,0,812,0,757,2
6742,604,732,0,221,4
6743,104,87,0,776,1
6744,0,714,0,697,2
6745,169,261,0,742,1
6746,617,257,213,125,3
6747,0,732,177,720,2
6748,132,765,0,721,2
6749,95,669,163,694,2
6750,66,0,0,752,1
6751,212,716,26,685,2
6752,0,703,59,694,2
6753,232,0,90,781,1
6754,21,235,0,743,1
6755,122,690,0,704,2
6756,210,144,23,762,1
6757,67,27,0,741,1
6758,38,745,0,701,2
6759,633,743,0,160,4
6760,191,0,0,741,1
6761,253,0,281,773,1
6762,162,738,0,690,2
6763,45,765,484,716,2
6765,177,759,0,729,2
6766,0,742,0,709,2
6767,157,0,471,760,1
6768,679,786,15,235,4
6769,206,729,0,705,2
6770,0,751,0,710,2
6771,195,0,0,800,1
6772,597,771,0,135,4
6773,52,752,0,725,2
6774,301,197,147,698,1
6775,249,98,289,719,1
6776,661,0,305,248,3
6777,601,799,0,228,4
6778,654,792,0,236,4
6779,633,741,9,269,4
6780,0,116,121,734,1
6781,41,657,0,698,2
6782,699,268,219,118,3
6783,24,744,0,739,2
6785,132,0,291,750,1
6786,108,724,0,726,2
6787,162,11,184,742,1
6788,0,749,0,721,2
6789,116,709,24,704,2
6790,144,116,0,770,1
6791,174,84,0,738,1
6792,153,0,149,757,1
6793,210,0,200,769,1
6794,670,42,0,214,3
6795,40,146,232,742,1
6796,30,0,145,722,1
6797,183,0,189,742,1
6798,227,210,41,764,1
6799,253,706,11,689,2
6800,221,0,81,736,1
6801,0,733,53,714,2
6802,710,118,443,155,3
6803,0,746,0,719,2
6804,670,203,0,166,3
6805,102,763,0,715,2
6806,666,775,348,274,4
6807,233,0,85,730,1
6808,34,0,129,750,1
6809,657,277,126,189,3
6810,630,759,0,186,4
6811,714,109,0,152,3
6812,242,121,347,610,1
6813,20,767,100,721,2
6814,655,0,262,237,3
6815,608,768,0,295,4
6816,666,728,0,272,4
6817,665,787,23,214,4
6818,154,716,270,713,2
6819,164,145,101,661,1
6820,604,758,122,168,4
6821,0,775,0,733,2
6822,162,764,2,745,2
6823,0,172,43,734,1
6824,173,129,0,739,1
6825,0,754,0,725,2
6826,704,829,294,118,4
6827,182,752,0,721,2
6828,135,0,387,730,1
6829,309,654,131,671,2
6830,228,5,0,783,1
6831,0,78,93,770,1
6833,9,7,54,768,1
6834,138,128,18,745,1
6835,156,0,116,758,1
6837,60,0,62,719,1
6838,137,0,173,793,1
6839,0,712,36,681,2
6840,161,0,337,691,1
6841,603,728,0,124,4
6842,0,0,87,773,1
6843,181,150,0,820,1
6844,84,781,316,729,2
6845,49,20,256,736,1
6846,223,783,264,715,2
6847,153,733,433,720,2
6848,599,720,448,0,4
6849,139,308,0,734,1
6850,29,630,86,654,2
6851,85,711,0,710,2
6852,218,697,0,721,2
6854,140,44,0,768,1
6855,125,707,0,646,2
6856,117,685,331,678,2
6857,609,747,0,175,4
6858,113,131,0,746,1
6859,3,98,0,790,1
6860,0,765,0,716,2
6861,151,804,287,745,2
6862,0,806,0,750,2
6863,148,36,41,769,1
6864,124,732,0,710,2
6865,42,788,0,719,2
6866,291,693,0,665,2
6867,121,126,158,742,1
6868,92,742,128,705,2
6869,123,13,18,779,1
6870,252,0,306,754,1
6871,83,783,54,736,2
6872,596,700,460,111,4
6873,92,624,23,606,2
6874,167,726,0,699,2
6875,680,10,219,227,3
6876,233,0,265,768,1
6877,80,646,236,579,2
6878,177,75,0,723,1
6879,161,43,0,757,1
6880,102,708,184,685,2
6881,0,92,32,729,1
6882,84,764,0,733,2
6883,217,0,52,743,1
6884,4,745,433,697,2
6885,191,21,155,791,1
6886,0,183,0,762,1
6887,144,165,28,758,1
6888,38,64,3,744,1
6889,217,0,32,767,1
6890,0,794,36,752,2
6891,111,0,199,751,1
6892,185,50,0,753,1
6893,580,761,0,174,4
6894,57,835,0,796,2
6895,209,28,65,739,1
6896,105,695,0,692,2
6897,63,695,0,647,2
6898,136,0,56,751,1
6899,177,743,0,716,2
6900,665,45,142,262,3
6901,600,751,0,224,4
6902,15,0,36,751,1
6903,166,695,0,673,2
6904,160,804,0,749,2
6905,220,763,226,709,2
6906,109,0,7,756,1
6907,189,0,0,776,1
6908,198,712,103,699,2
6909,577,721,87,205,4
6910,195,0,0,746,1
6911,0,198,0,728,1
6912,198,240,0,741,1
6913,0,700,0,696,2
6914,76,0,301,730,1
6915,116,26,235,706,1
6916,0,663,537,649,2
6917,175,0,327,751,1
6918,250,724,0,706,2
6919,32,726,48,690,2
6920,0,740,0,743,2
6921,205,0,431,662,1
6922,0,762,30,730,2
6923,152,0,201,730,1
6924,169,692,121,694,2
6925,81,0,181,756,1
6926,568,733,216,130,4
6927,219,0,251,264,3
6928,673,0,307,282,3
6929,118,659,37,680,2
6930,150,0,124,791,1
6931,42,753,41,708,2
6932,0,624,0,569,2
6933,630,209,468,11,3
6934,251,0,202,603,1
6935,177,843,0,790,2
6936,162,38,155,739,1
6937,0,102,55,725,1
6938,191,740,32,720,2
6939,179,789,174,726,2
6940,149,162,0,767,1
6941,260,0,114,759,1
6942,116,720,302,711,2
6943,0,783,0,727,2
6944,222,0,236,716,1
6945,111,29,0,786,1
6946,137,745,0,705,2
6947,203,0,86,788,1
6948,547,686,1,124,4
6949,100,674,0,688,2
6950,592,0,194,190,3
6951,0,736,361,708,2
6952,110,764,0,724,2
6953,669,787,162,228,4
6954,189,697,183,678,2
6955,0,0,137,736,1
6956,77,0,0,716,1
6957,672,791,0,240,4
6958,0,734,492,712,2
6959,35,767,0,727,2
6960,43,229,130,726,1
6961,600,741,0,208,4
6962,362,0,598,607,1
6963,620,3,0,201,3
6964,115,757,135,717,2
6965,581,719,358,260,4
6966,117,784,0,746,2
6968,181,279,150,766,1
6969,247,745,0,690,2
6970,681,0,149,169,3
6971,0,652,104,673,2
6972,590,752,0,172,4
6973,170,275,0,786,1
6974,0,747,0,726,2
6975,121,724,98,708,2
6976,623,716,294,157,4
6977,199,0,83,779,1
6978,162,698,0,686,2
6979,195,752,0,706,2
6980,669,800,175,65,4
6981,258,0,494,663,1
6982,576,681,63,56,4
6983,128,0,190,222,3
6984,215,0,375,765,1
6985,63,85,59,783,1
6986,248,0,139,756,1
6987,316,0,528,691,1
6988,0,768,145,722,2
6989,315,752,0,723,2
6990,689,0,392,0,3
6991,37,726,347,702,2
6992,0,722,0,691,2
6993,22,718,0,693,2
6994,0,0,0,727,1
6995,0,717,523,711,2
6996,703,156,12,244,3
6997,212,0,444,758,1
6998,113,0,187,747,1
6999,615,765,320,0,4
7000,192,0,383,746,1
7001,0,733,94,718,2
7002,122,130,2,747,1
7003,229,51,0,750,1
7004,183,0,624,693,1
7005,0,781,0,741,2
7006,62,124,0,727,1
7007,210,3,1,771,1
7008,0,837,0,715,2
7009,176,757,0,732,2
7010,180,46,82,740,1
7011,665,0,321,187,3
7012,41,797,0,746,2
7013,193,733,0,694,2
7014,101,757,15,732,2
7015,708,292,0,239,3
7016,699,203,89,230,3
7017,117,124,0,751,1
7018,0,774,0,750,2
7019,65,815,0,721,2
7020,212,0,133,727,1
7021,698,0,393,329,3
7022,177,99,311,677,1
7023,0,64,0,750,1
7024,613,758,0,189,4
7025,0,757,0,718,2
7026,90,24,57,729,1
7027,223,747,0,738,2
7028,0,175,85,733,1
7029,171,712,0,693,2
7030,73,695,0,680,2
7031,611,727,0,161,4
7032,141,0,30,745,1
7033,620,723,0,109,4
7034,20,748,0,711,2
7035,575,697,0,245,4
7036,0,739,27,706,2
7037,177,0,48,724,1
7038,590,761,0,149,4
7039,28,96,37,754,1
7040,163,159,73,755,1
7041,54,0,212,765,1
7042,153,0,356,730,1
7043,213,164,421,690,1
7044,195,37,48,739,1
7045,129,734,19,714,2
7046,139,242,0,756,1
7047,0,783,85,746,2
7048,132,0,91,775,1
7049,167,180,0,780,1
7050,673,0,459,145,3
7051,102,771,0,725,2
7052,99,0,214,727,1
7053,95,0,268,756,1
7054,656,18,0,166,3
7055,72,219,0,765,1
7056,661,764,145,254,4
7057,110,23,210,725,1
7058,136,684,224,655,2
7059,601,696,0,64,4
7060,112,0,194,731,1
7061,168,769,51,709,2
7062,646,774,0,208,4
7063,72,229,68,745,1
7064,107,169,26,742,1
7065,239,190,62,762,1
7066,55,68,0,773,1
7067,175,152,80,749,1
7068,0,0,185,801,1
7069,0,0,74,755,1
7070,70,770,0,725,2
7071,88,731,0,706,2
7072,0,676,504,688,2
7073,622,763,107,198,4
7074,202,67,0,766,1
7075,0,751,16,727,2
7076,0,607,113,575,2
7077,111,22,74,759,1
7078,96,203,19,760,1
7079,0,807,0,767,2
7080,68,0,222,757,1
7081,105,712,0,701,2
7082,122,242,52,785,1
7083,156,75,419,607,1
7084,48,766,0,719,2
7085,160,33,0,750,1
7086,124,817,0,788,2
7087,180,216,29,623,1
7088,142,196,0,729,1
7089,650,773,504,204,4
7090,147,220,187,776,1
7091,141,0,243,755,1
7092,164,775,0,735,2
7093,631,804,50,98,4
7094,79,771,0,748,2
7095,615,88,283,166,3
7096,290,0,106,780,1
7097,742,95,206,138,3
7098,86,0,342,751,1
7099,649,0,83,0,3
7100,143,92,278,291,3
7101,77,232,0,755,1
7102,32,95,113,728,1
7103,655,80,0,228,3
7104,0,735,0,707,2
7105,155,780,30,768,2
7106,335,735,0,709,2
7107,47,68,0,733,1
7108,199,0,638,776,1
7109,584,707,127,203,4
7110,144,24,0,736,1
7111,0,693,153,675,2
7112,129,665,223,703,2
7113,632,27,430,224,3
7114,152,0,6,761,1
7115,53,0,0,760,1
7116,590,770,0,187,4
7117,101,0,238,774,1
7118,702,145,113,169,3
7119,116,0,271,746,1
7120,57,785,0,725,2
7121,747,241,0,186,3
7122,81,158,0,823,1
7123,0,751,0,706,2
7124,591,690,47,138,4
7125,606,781,0,162,4
7126,614,721,0,111,4
7127,126,706,0,700,2
7128,183,656,181,616,2
7129,555,722,0,98,4
7130,159,0,419,753,1
7131,182,53,196,718,1
7132,275,0,388,608,1
7133,0,743,0,720,2
7134,130,779,0,729,2
7135,107,0,123,748,1
7136,645,272,137,209,3
7137,132,268,0,729,1
7138,0,749,0,714,2
7139,132,738,0,723,2
7140,186,764,0,742,2
7141,199,314,0,739,1
7142,168,756,0,729,2
7143,125,119,173,746,1
7144,277,147,387,332,3
7145,221,679,0,660,2
7146,221,13,322,727,1
7147,0,721,0,682,2
7148,15,746,0,711,2
7149,2,0,81,789,1
7150,145,0,202,763,1
7151,623,716,366,189,4
7152,167,21,241,725,1
7153,183,690,88,672,2
7154,0,782,94,762,2
7155,125,750,343,719,2
7156,82,0,229,724,1
7157,239,0,448,334,3
7158,674,66,0,240,3
7159,139,14,49,745,1
7160,134,708,0,680,2
7161,728,129,54,0,3
7162,78,0,476,749,1
7163,295,569,550,665,2
7164,115,801,10,743,2
7165,237,771,0,735,2
7166,80,765,119,715,2
7167,16,765,0,737,2
7168,69,741,0,702,2
7169,41,11,0,745,1
7170,68,194,0,731,1
7171,145,691,461,679,2
7172,85,780,0,756,2
7173,220,0,410,778,1
7175,264,43,583,612,1
7176,0,802,0,762,2
7177,13,761,66,729,2
7178,11,731,0,665,2
7179,45,0,46,752,1
7180,144,67,0,730,1
7181,53,779,67,740,2
7182,74,40,0,720,1
7183,101,0,228,753,1
7184,125,0,140,757,1
7185,170,125,10,770,1
7186,148,0,117,746,1
7187,96,720,65,704,2
7188,661,702,0,229,4
7189,61,735,112,715,2
7190,701,0,282,40,3
7191,517,657,321,232,4
7192,251,122,200,733,1
7193,188,184,201,775,1
7194,128,155,3,751,1
7195,143,229,0,730,1
7196,10,640,159,607,2
7197,40,702,0,676,2
7198,234,117,192,734,1
7199,197,0,0,720,1
7200,583,769,235,242,4
7202,599,676,83,241,4
7203,354,767,0,721,2
7204,137,0,302,743,1
7205,0,820,18,740,2
7206,216,90,0,756,1
7207,0,757,45,723,2
7208,591,733,0,205,4
7209,651,753,0,210,4
7211,0,1,768,672,1
7212,138,0,377,745,1
7213,0,783,120,741,2
7214,663,205,277,120,3
7215,6,0,66,763,1
7216,89,849,110,808,2
7217,65,0,0,752,1
7218,577,718,0,204,4
7219,9,732,0,698,2
7220,593,759,0,129,4
7221,201,828,0,789,2
7222,152,333,216,793,1
7223,639,760,403,120,4
7224,621,734,256,244,4
7225,44,21,100,773,1
7226,662,28,371,103,3
7227,645,63,98,168,3
7228,676,178,193,198,3
7229,0,794,0,746,2
7230,222,273,9,682,1
7231,238,0,0,777,1
7232,139,14,34,752,1
7233,263,666,552,681,2
7234,252,144,410,677,1
7235,177,206,16,730,1
7236,18,772,10,720,2
7237,125,191,0,724,1
7238,114,0,139,732,1
7239,157,719,0,707,2
7240,154,748,0,706,2
7241,133,0,214,719,1
7242,607,747,0,242,4
7243,43,756,61,731,2
7244,626,0,0,145,3
7245,132,0,95,729,1
7246,0,770,32,717,2
7247,206,198,42,737,1
7248,102,0,0,742,1
7249,75,0,507,757,1
7250,168,171,30,762,1
7251,58,0,128,745,1
7252,638,758,60,197,4
7253,215,0,122,747,1
7254,12,749,222,723,2
7255,226,0,102,743,1
7256,661,235,0,61,3
7257,518,689,168,236,4
7258,105,765,0,721,2
7259,88,802,100,739,2
7260,45,740,166,712,2
7261,182,0,77,739,1
7262,124,98,112,786,1
7263,0,683,0,678,2
7264,258,66,123,776,1
7265,677,0,281,237,3
7266,197,746,0,734,2
7267,95,0,545,703,1
7268,223,180,347,775,1
7269,88,61,268,745,1
7270,0,10,184,740,1
7271,228,709,178,705,2
7272,42,685,0,694,2
7273,246,366,287,761,1
7274,0,768,0,722,2
7275,162,772,0,744,2
7276,154,181,181,757,1
7277,584,708,40,134,4
7278,663,808,14,208,4
7279,681,211,0,213,3
7280,149,258,0,744,1
7281,669,785,0,255,4
7282,68,0,314,743,1
7283,206,0,195,718,1
7284,0,15,208,728,1
7286,72,164,45,769,1
7287,161,207,0,776,1
7288,0,803,436,762,2
7289,171,121,70,740,1
7290,65,105,14,768,1
7291,637,15,0,176,3
7292,168,33,110,779,1
7293,136,19,271,719,1
7294,35,777,558,728,2
7295,628,778,0,208,4
7296,600,757,0,223,4
7297,226,361,218,617,1
7298,202,748,0,750,2
7300,83,132,6,783,1
7301,0,712,0,710,2
7302,213,261,156,681,1
7303,151,16,265,731,1
7304,101,202,0,760,1
7305,96,762,30,735,2
7306,138,783,311,734,2
7307,601,699,333,163,4
7308,26,768,198,710,2
7309,275,762,60,718,2
7310,0,770,426,732,2
7311,175,96,103,762,1
7312,0,718,0,698,2
7313,251,62,0,749,1
7314,169,0,0,745,1
7315,135,0,208,760,1
7316,140,202,195,757,1
7317,4,711,77,722,2
7318,101,0,0,780,1
7319,0,722,0,695,2
7320,635,770,414,102,4
7321,205,127,28,776,1
7322,134,822,0,736,2
7323,675,107,290,114,3
7324,0,710,0,677,2
7325,0,488,1010,0,3
7326,0,760,272,735,2
7327,162,221,10,742,1
7328,67,92,288,760,1
7329,93,201,55,768,1
7330,116,211,135,754,1
7331,33,742,0,715,2
7332,114,168,10,730,1
7333,658,94,214,174,3
7334,120,0,68,745,1
7335,140,757,124,709,2
7336,0,750,0,694,2
7337,0,35,0,748,1
7338,223,269,329,738,1
7339,0,749,0,721,2
7340,113,770,387,734,2
7341,101,0,0,757,1
7342,90,724,1,722,2
7343,144,55,0,746,1
7344,237,0,141,748,1
7345,172,0,161,756,1
7346,0,769,0,707,2
7347,700,211,292,217,3
7348,247,744,214,714,2
7349,111,0,454,755,1
7350,180,0,272,751,1
7351,10,750,70,746,2
7352,140,0,145,761,1
7353,0,709,0,700,2
7354,160,154,0,751,1
7355,620,277,0,155,3
7356,670,184,191,241,3
7357,251,748,0,702,2
7358,0,729,42,685,2
7359,70,52,70,757,1
7360,0,671,0,679,2
7361,35,678,219,644,2
7362,644,746,24,67,4
7363,204,0,213,807,1
7364,184,0,483,758,1
7365,707,88,0,222,3
7366,134,128,45,745,1
7367,90,805,68,747,2
7368,9,730,163,706,2
7369,3,701,27,679,2
7370,60,122,111,776,1
7371,196,747,14,699,2
7372,631,759,406,207,4
7373,0,753,0,736,2
7374,0,808,0,735,2
7375,120,746,0,704,2
7376,0,274,32,711,1
7377,168,722,0,709,2
7378,0,86,250,820,1
7379,238,77,106,760,1
7380,617,794,0,206,4
7381,28,721,2,696,2
7382,8,0,192,717,1
7383,0,767,372,726,2
7384,115,771,0,747,2
7385,173,101,0,799,1
7386,702,172,212,186,3
7387,45,745,0,730,2
7388,230,270,225,792,1
7389,675,0,136,88,3
7390,629,754,56,148,4
7391,227,771,0,719,2
7392,206,64,84,782,1
7393,213,215,481,540,1
7394,239,103,0,750,1
7395,724,0,44,39,3
7396,594,751,125,189,4
7397,190,0,0,800,1
7398,0,66,276,735,1
7399,0,805,0,776,2
7400,253,0,384,789,1
7401,0,766,0,725,2
7402,648,768,0,144,4
7403,33,0,1,725,1
7404,123,211,0,735,1
7405,670,55,190,22,3
7406,661,797,0,189,4
7407,669,128,222,92,3
7408,85,71,73,734,1
7409,264,178,238,687,1
7410,51,780,0,728,2
7411,50,754,0,733,2
7412,623,745,0,217,4
7413,207,0,255,760,1
7414,734,128,304,195,3
7415,35,126,401,645,1
7416,624,743,0,210,4
7417,0,749,0,704,2
7418,167,0,0,751,1
7419,216,19,212,747,1
7420,206,0,252,765,1
7421,176,226,0,728,1
7422,251,0,58,744,1
7423,166,123,0,734,1
7424,94,868,0,797,2
7425,114,735,256,706,2
7426,97,746,0,706,2
7427,230,0,181,779,1
7428,51,115,69,726,1
7429,0,720,0,702,2
7430,90,126,299,591,1
7431,593,719,379,253,4
7432,132,776,77,708,2
7433,26,768,123,728,2
7434,112,143,245,736,1
7435,189,6,434,678,1
7436,195,160,0,738,1
7437,44,210,103,769,1
7438,0,0,123,795,1
7439,200,0,72,726,1
7440,234,738,0,714,2
7441,152,0,0,758,1
7442,134,0,210,750,1
7443,115,699,0,698,2
7444,625,270,135,155,3
7445,63,177,0,764,1
7446,176,792,0,731,2
7447,657,779,0,221,4
7448,190,105,0,749,1
7449,254,6,443,782,1
7450,289,182,360,678,1
7451,98,746,0,714,2
7452,129,0,214,739,1
7453,87,804,0,737,2
7454,56,761,0,717,2
7455,91,0,86,741,1
7456,141,708,0,697,2
7457,238,0,391,777,1
7458,616,741,232,263,4
7459,85,713,0,692,2
7460,0,696,552,693,2
7461,619,788,0,233,4
7462,648,311,0,39,3
7463,198,293,0,615,1
7464,150,0,249,778,1
7465,165,0,84,742,1
7466,44,795,44,756,2
7467,197,60,98,782,1
7468,124,745,55,710,2
7469,40,741,0,727,2
7470,0,662,0,648,2
7471,259,0,107,759,1
7472,182,144,14,758,1
7473,83,0,79,736,1
7474,652,763,39,279,4
7475,643,0,286,65,3
7476,0,796,0,756,2
7477,119,772,282,706,2
7478,0,762,38,733,2
7479,141,43,0,775,1
7480,26,239,0,722,1
7481,191,0,271,763,1
7482,685,0,238,178,3
7483,207,159,0,755,1
7484,0,705,50,707,2
7485,694,818,0,271,4
7486,200,0,418,756,1
7487,107,274,0,747,1
7488,57,805,0,753,2
7489,0,761,206,729,2
7490,29,741,302,709,2
7491,174,212,53,771,1
7492,159,89,0,738,1
7493,653,0,245,285,3
7494,94,734,99,707,2
7495,253,735,0,714,2
7496,32,121,0,750,1
7497,175,708,9,681,2
7498,96,0,307,743,1
7499,26,726,0,701,2
7500,84,116,63,765,1
7501,138,682,58,709,2
7502,677,0,827,0,3
7503,661,225,49,165,3
7504,257,748,0,724,2
7505,5,120,0,733,1
7506,35,766,0,730,2
7507,299,80,203,702,1
7508,81,23,240,718,1
7509,606,753,147,139,4
7510,656,290,348,71,3
7511,66,40,186,732,1
7512,173,96,280,752,1
7513,62,76,224,709,1
7514,177,157,0,798,1
7515,86,106,189,756,1
7516,82,209,0,752,1
7517,668,174,249,2,3
7518,637,187,216,126,3
7519,94,199,168,756,1
7520,607,721,176,206,4
7521,655,785,0,111,4
7522,114,140,245,634,1
7523,237,0,400,745,1
7524,221,59,0,754,1
7525,0,610,302,614,2
7526,140,0,264,764,1
7527,37,745,6,702,2
7528,5,76,343,722,1
7529,0,824,0,708,2
7530,0,233,0,722,1
7531,594,743,0,152,4
7532,0,753,0,711,2
7533,0,722,0,706,2
7534,0,774,0,722,2
7535,634,751,137,244,4
7536,0,767,0,718,2
7537,662,802,201,0,4
7538,2,0,452,739,1
7540,0,27,26,738,1
7541,635,772,0,250,4
7542,214,156,0,758,1
7543,0,788,45,749,2
7544,156,623,481,637,2
7545,53,761,9,714,2
7546,186,685,305,670,2
7547,93,0,372,731,1
7548,2,707,0,676,2
7550,637,776,0,245,4
7551,100,9,341,730,1
7552,107,716,118,719,2
7553,137,239,8,616,1
7554,182,247,0,753,1
7555,157,127,56,798,1
7556,255,209,168,756,1
7557,258,59,371,739,1
7558,243,562,321,772,2
7559,47,7,136,759,1
7560,79,212,280,793,1
7561,208,44,129,733,1
7562,142,262,0,774,1
7563,655,0,247,246,3
7564,379,529,0,758,2
7565,165,772,0,721,2
7566,0,204,1012,0,3
7567,0,751,0,717,2
7568,57,0,31,748,1
7569,140,0,130,715,1
7570,549,727,351,0,4
7571,659,762,0,192,4
7572,187,0,54,696,1
7573,56,797,0,752,2
7574,118,0,33,756,1
7575,119,18,50,729,1
7576,5,764,86,729,2
7577,172,210,99,744,1
7578,132,151,0,745,1
7579,240,0,322,643,1
7580,40,665,125,679,2
7581,71,714,59,689,2
7582,155,699,0,683,2
7583,222,136,0,776,1
7584,207,0,275,748,1
7585,95,717,262,686,2
7586,233,118,176,761,1
7587,221,52,82,733,1
7588,220,744,324,714,2
7589,154,684,0,699,2
7590,0,651,204,630,2
7591,98,804,0,769,2
7592,0,0,831,0,3
7593,224,107,0,758,1
7594,182,0,90,786,1
7595,142,0,233,758,1
7596,0,746,0,696,2
7597,0,801,0,765,2
7598,70,32,54,765,1
7599,134,60,178,316,3
7600,13,268,14,753,1
7601,652,778,331,193,4
7602,76,0,0,713,1
7603,613,745,470,227,4
7604,260,745,0,718,2
7605,117,0,0,734,1
7606,167,667,144,683,2
7607,43,781,0,747,2
7608,73,791,0,760,2
7609,26,714,6,674,2
7610,35,713,318,691,2
7611,168,0,153,791,1
7612,141,0,255,792,1
7613,163,54,67,726,1
7614,0,736,0,689,2
7615,204,772,0,717,2
7617,0,747,0,723,2
7618,241,0,180,816,1
7619,690,814,26,236,4
7620,695,0,132,225,3
7621,44,244,0,704,1
7622,650,775,505,159,4
7623,0,248,0,771,1
7624,80,721,0,674,2
7625,19,765,0,727,2
7626,621,745,0,202,4
7627,0,808,0,736,2
7628,56,726,0,704,2
7629,152,164,0,753,1
7630,0,744,0,700,2
7631,87,799,66,744,2
7632,163,816,25,766,2
7633,160,213,0,765,1
7634,123,707,0,682,2
7635,109,717,277,703,2
7636,136,684,73,655,2
7637,248,0,378,628,1
7638,95,154,0,762,1
7639,607,795,13,217,4
7640,33,728,0,706,2
7641,679,832,0,282,4
7642,675,0,409,0,3
7643,360,55,323,163,3
7644,132,803,372,740,2
7645,39,95,116,799,1
7646,640,751,0,223,4
7647,583,739,119,231,4
7648,117,772,0,734,2
7649,274,38,44,650,1
7650,200,701,0,680,2
7651,141,0,286,747,1
7652,0,662,13,712,2
7653,32,168,0,740,1
7654,173,227,145,763,1
7655,31,746,17,720,2
7656,644,164,291,115,3
7657,0,120,0,730,1
7658,155,111,119,810,1
7659,185,705,0,678,2
7660,0,732,0,725,2
7661,654,223,261,75,3
7662,65,0,29,733,1
7663,0,777,0,725,2
7664,0,0,219,742,1
7665,224,752,0,728,2
7666,173,674,122,636,2
7667,688,61,251,60,3
7668,211,186,52,646,1
7669,145,676,231,690,2
7670,165,775,0,733,2
7671,173,11,294,723,1
7672,11,717,0,689,2
7673,121,752,0,703,2
7674,229,5,83,761,1
7675,13,726,0,692,2
7676,161,729,0,696,2
7677,710,112,386,0,3
7678,616,761,54,177,4
7679,130,37,125,712,1
7680,19,773,0,745,2
7681,0,802,0,741,2
7682,0,832,0,753,2
7683,0,153,132,744,1
7684,246,206,0,773,1
7685,0,743,172,708,2
7686,171,763,0,738,2
7687,5,176,0,745,1
7688,97,0,298,759,1
7689,93,652,8,695,2
7690,110,106,0,741,1
7691,689,0,263,55,3
7692,610,738,0,306,4
7693,6,0,135,757,1
7694,31,0,68,726,1
7695,92,455,99,777,1
7696,99,714,0,689,2
7697,656,803,0,148,4
7698,184,752,0,742,2
7699,133,653,211,628,2
7700,0,775,0,754,2
7701,89,14,245,754,1
7702,613,735,102,0,4
7703,0,724,0,706,2
7704,153,762,200,684,2
7705,189,0,369,737,1
7706,197,0,374,763,1
7707,53,229,72,751,1
7708,160,138,0,771,1
7709,0,742,0,729,2
7710,16,69,0,761,1
7711,152,777,0,766,2
7712,0,793,0,728,2
7713,621,733,0,181,4
7714,0,802,37,756,2
7715,148,0,22,765,1
7716,0,759,18,732,2
7717,71,150,184,778,1
7718,594,734,8,252,4
7719,122,690,0,695,2
7720,0,823,0,752,2
7721,181,0,0,795,1
7722,193,179,34,755,1
7723,195,56,0,768,1
7724,103,713,224,699,2
7725,139,28,0,753,1
7726,0,123,0,757,1
7727,151,39,0,733,1
7728,0,809,0,768,2
7729,110,712,0,696,2
7730,194,0,216,727,1
7731,269,746,1,692,2
7732,232,0,224,736,1
7733,252,176,257,691,1
7734,135,727,0,681,2
7735,750,0,119,119,3
7736,204,151,78,742,1
7737,0,683,0,619,2
7738,161,0,204,752,1
7739,115,762,0,720,2
7740,173,12,0,737,1
7741,0,0,127,749,1
7742,0,776,77,742,2
7743,44,758,0,719,2
7744,243,777,0,727,2
7745,101,0,166,749,1
7746,220,709,0,676,2
7747,646,156,40,165,3
7748,311,0,455,791,1
7749,713,168,73,193,3
7750,631,746,144,243,4
7751,80,0,213,746,1
7752,0,721,554,700,2
7753,200,111,466,712,1
7754,679,137,237,15,3
7755,225,781,0,753,2
7756,5,71,42,732,1
7757,188,0,220,750,1
7758,235,18,78,769,1
7759,49,0,326,748,1
7760,147,152,5,732,1
7761,92,0,161,773,1
7762,149,719,73,709,2
7763,39,117,49,750,1
7764,46,727,0,693,2
7765,0,0,355,309,3
7766,623,750,273,168,4
7767,699,230,346,167,3
7768,43,784,3,723,2
7769,90,0,42,737,1
7770,518,34,899,0,3
7771,183,119,51,738,1
7772,206,0,520,774,1
7773,129,622,236,557,2
7774,114,764,1,736,2
7775,0,759,0,732,2
7776,598,742,0,207,4
7777,84,827,0,763,2
7778,171,18,162,749,1
7779,49,757,0,716,2
7780,0,27,164,721,1
7781,153,752,127,710,2
7782,0,782,251,727,2
7783,741,7,216,95,3
7784,630,746,120,269,4
7785,170,135,414,733,1
7786,617,782,340,73,4
7787,133,336,0,755,1
7788,40,141,0,750,1
7789,168,792,0,752,2
7790,28,739,0,700,2
7791,246,645,0,593,2
7792,39,747,0,718,2
7793,479,40,355,259,3
7794,0,70,0,750,1
7795,156,0,132,800,1
7796,605,263,407,121,3
7797,52,0,245,764,1
7798,131,0,331,752,1
7799,711,244,184,178,3
7800,57,65,246,741,1
7801,196,621,178,630,2
7802,0,32,505,750,1
7803,679,0,200,41,3
7804,665,169,68,147,3
7805,112,285,0,732,1
7806,34,752,0,738,2
7807,68,789,0,758,2
7808,108,0,481,762,1
7809,0,768,0,739,2
7810,103,0,96,723,1
7811,160,665,0,639,2
7812,45,45,0,735,1
7813,76,734,125,701,2
7814,587,644,393,205,4
7815,152,756,0,713,2
7816,19,691,0,613,2
7817,189,0,31,761,1
7818,240,0,0,780,1
7819,24,752,0,720,2
7820,182,714,316,678,2
7821,234,238,27,626,1
7822,693,260,0,254,3
7823,720,347,54,287,3
7824,0,828,0,779,2
7825,114,724,0,728,2
7826,709,14,118,189,3
7827,194,0,378,735,1
7828,49,0,926,0,3
7829,25,760,0,718,2
7830,215,0,262,771,1
7831,119,0,617,729,1
7832,655,106,287,204,3
7833,8,740,0,711,2
7834,653,0,349,231,3
7835,0,765,514,716,2
7836,182,0,159,740,1
7837,577,704,0,174,4
7838,225,0,0,757,1
7839,182,48,217,771,1
7840,129,22,276,717,1
7841,234,0,101,763,1
7842,0,488,1013,0,3
7843,69,211,0,738,1
7844,0,738,0,723,2
7845,108,153,160,833,1
7846,0,134,0,729,1
7847,226,0,468,764,1
7848,175,0,169,770,1
7849,0,0,0,776,1
7850,73,761,0,732,2
7851,658,0,438,157,3
7852,0,801,0,735,2
7853,261,128,0,768,1
7854,178,54,25,753,1
7855,123,0,0,731,1
7856,156,768,0,730,2
7857,45,765,0,707,2
7858,0,772,0,732,2
7859,262,0,414,773,1
7860,0,753,0,733,2
7861,103,0,168,781,1
7862,240,7,9,752,1
7863,202,289,14,756,1
7864,112,115,92,728,1
7865,170,0,87,742,1
7866,657,783,0,102,4
7867,604,757,258,219,4
7868,0,732,133,702,2
7869,641,775,439,187,4
7870,0,779,0,732,2
7871,0,0,890,62,3
7872,244,0,238,720,1
7873,40,734,0,692,2
7874,148,0,5,749,1
7875,649,272,0,102,3
7876,685,267,41,297,3
7877,117,139,0,747,1
7878,627,729,294,146,4
7879,662,178,127,0,3
7880,646,142,0,248,3
7881,30,732,0,745,2
7882,48,563,55,782,2
7883,609,769,241,65,4
7884,0,788,19,766,2
7885,0,746,0,724,2
7886,214,49,0,762,1
7887,12,763,53,710,2
7888,10,778,0,732,2
7889,613,786,0,226,4
7890,0,649,468,598,2
7891,0,176,0,737,1
7892,145,671,0,664,2
7893,659,0,225,156,3
7894,144,12,4,779,1
7895,108,180,0,723,1
7896,0,780,0,722,2
7897,46,772,0,718,2
7898,45,729,177,709,2
7899,214,720,0,706,2
7900,121,174,107,765,1
7901,182,79,187,753,1
7902,650,805,252,249,4
7903,92,749,0,715,2
7904,661,293,7,166,3
7905,65,752,0,735,2
7906,58,0,383,768,1
7907,210,63,0,709,1
7908,163,134,0,731,1
7909,0,57,0,750,1
7910,760,267,55,83,3
7911,60,708,0,705,2
7912,117,754,0,727,2
7913,619,742,0,190,4
7914,102,0,0,753,1
7915,199,278,0,764,1
7916,218,228,140,651,1
7917,674,0,8,118,3
7918,158,0,87,740,1
7919,54,746,0,706,2
7920,146,38,7,746,1
7921,0,732,111,701,2
7922,100,10,0,748,1
7923,69,789,51,736,2
7924,650,723,0,248,4
7925,545,329,333,134,3
7926,188,7,0,804,1
7927,177,1,0,770,1
7928,83,246,1,753,1
7929,166,776,0,734,2
7930,550,764,0,51,4
7931,152,777,0,738,2
7932,636,795,110,83,4
7933,0,750,0,726,2
7934,156,43,218,741,1
7935,0,737,0,721,2
7936,669,104,66,166,3
7937,14,240,0,714,1
7938,0,762,0,729,2
7939,151,0,104,773,1
7940,0,765,0,710,2
7941,0,763,0,745,2
7942,692,0,77,195,3
7943,0,682,77,626,2
7944,63,757,113,712,2
7945,154,0,144,790,1
7946,133,36,28,745,1
7947,0,760,0,704,2
7948,136,0,146,797,1
7949,690,111,165,281,3
7950,260,694,0,670,2
7951,35,50,0,733,1
7952,250,756,0,702,2
7953,672,247,0,218,3
7954,193,155,85,793,1
7955,0,743,0,718,2
7956,0,707,250,684,2
7958,163,754,16,719,2
7959,20,111,0,760,1
7960,0,758,0,726,2
7961,631,753,0,0,4
7962,187,0,394,323,3
7963,197,141,317,745,1
7964,84,730,465,725,2
7965,113,781,0,740,2
7966,212,746,0,702,2
7967,257,139,0,761,1
7968,112,709,0,686,2
7969,602,751,0,102,4
7970,656,764,29,212,4
7971,100,713,544,696,2
7972,638,755,170,172,4
7973,17,122,0,762,1
7974,77,713,0,666,2
7975,128,719,0,663,2
7976,209,645,0,634,2
7977,117,237,0,715,1
7978,0,740,0,723,2
7979,131,198,0,751,1
7980,0,777,289,739,2
7981,85,188,0,752,1
7982,665,778,0,152,4
7983,153,175,0,765,1
7984,557,708,197,235,4
7985,0,0,402,753,1
7986,97,234,0,749,1
7987,181,0,499,613,1
7988,0,802,508,744,2
7989,47,695,0,691,2
7990,169,674,0,698,2
7991,0,0,0,759,1
7992,742,200,629,804,1
7993,191,709,0,716,2
7994,0,685,239,684,2
7995,228,0,0,730,1
7996,648,177,0,196,3
7997,54,583,25,646,2
7998,605,756,0,236,4
7999,63,743,0,710,2
8000,0,773,0,737,2
8001,69,650,0,635,2
8002,38,766,0,739,2
8003,0,817,0,755,2
8004,0,773,0,742,2
8005,261,0,223,762,1
8006,89,355,0,728,1
8007,0,75,993,0,3
8008,116,773,0,725,2
8009,0,708,0,675,2
8010,155,0,0,740,1
8011,148,183,94,746,1
8012,632,771,0,214,4
8013,0,0,437,726,1
8014,0,795,37,748,2
8015,133,200,91,755,1
8016,0,754,0,729,2
8017,0,717,0,686,2
8018,218,121,3,752,1
8019,673,826,0,295,4
8020,123,0,461,745,1
8021,252,0,12,752,1
8022,27,207,0,762,1
8023,121,755,0,718,2
8024,216,224,0,763,1
8025,162,712,93,680,2
8026,650,80,297,98,3
8027,140,180,136,751,1
8028,420,0,511,223,3
8029,578,163,439,268,3
8030,668,246,0,34,3
8031,101,0,37,756,1
8032,79,238,0,721,1
8033,240,730,0,684,2
8034,0,756,0,726,2
8035,22,707,86,694,2
8036,0,772,0,744,2
8037,240,0,320,257,3
8038,0,745,0,711,2
8039,2,771,76,711,2
8040,126,728,0,695,2
8041,132,172,143,723,1
8042,124,744,0,716,2
8043,156,518,99,779,2
8044,30,739,71,699,2
8045,697,0,324,24,3
8046,121,87,116,728,1
8047,54,0,0,783,1
8048,680,806,0,151,4
8049,146,0,70,747,1
8050,94,53,87,754,1
8051,168,783,348,734,2
8052,177,143,303,697,1
8053,642,765,0,166,4
8054,167,0,0,761,1
8055,630,754,507,119,4
8056,0,697,308,681,2
8057,171,689,489,663,2
8058,481,673,274,181,4
8059,130,667,256,678,2
8060,171,0,3,752,1
8061,98,821,0,762,2
8062,66,0,62,743,1
8063,581,607,34,258,4
8064,0,711,168,707,2
8065,99,754,7,735,2
8066,666,191,23,60,3
8067,283,116,433,686,1
8068,2,119,0,773,1
8069,0,769,0,728,2
8070,122,693,290,708,2
8071,0,799,0,723,2
8072,87,767,0,745,2
8073,118,738,123,728,2
8074,0,767,0,721,2
8075,149,736,373,686,2
8076,61,745,0,712,2
8077,194,136,157,738,1
8078,164,89,0,751,1
8079,26,767,0,731,2
8080,612,725,0,177,4
8081,170,164,104,736,1
8082,0,779,0,717,2
8083,0,729,301,716,2
8084,193,0,97,738,1
8085,691,0,27,209,3
8086,674,124,203,109,3
8087,0,791,13,760,2
8088,178,32,0,781,1
8089,243,740,0,693,2
8090,702,800,294,324,4
8091,92,135,174,751,1
8092,0,713,442,676,2
8093,0,784,0,752,2
8094,201,711,424,714,2
8095,706,148,44,214,3
8096,683,0,283,258,3
8097,194,0,290,801,1
8098,143,26,0,764,1
8099,137,176,157,721,1
8100,240,744,203,730,2
8101,101,780,0,733,2
8102,294,97,81,775,1
8103,133,0,63,792,1
8104,78,857,121,815,2
8105,209,778,181,729,2
8106,0,0,60,761,1
8107,608,695,285,194,4
8108,45,743,36,720,2
8109,75,722,274,693,2
8110,216,5,209,733,1
8111,128,115,191,715,1
8112,111,828,0,778,2
8113,268,110,93,759,1
8114,588,737,176,193,4
8115,614,759,0,213,4
8116,97,690,0,656,2
8117,190,715,0,701,2
8118,124,135,0,786,1
8119,0,212,0,758,1
8120,6,693,6,699,2
8121,606,747,0,143,4
8122,37,711,729,689,2
8123,212,0,168,760,1
8124,617,728,0,255,4
8125,240,198,26,752,1
8126,116,0,476,732,1
8127,0,732,0,692,2
8128,121,88,284,753,1
8129,742,0,334,174,3
8130,179,0,201,747,1
8131,77,144,436,691,1
8132,88,216,183,753,1
8133,199,175,0,743,1
8134,20,191,51,754,1
8135,146,0,274,738,1
8136,285,240,73,707,1
8137,0,690,0,691,2
8138,0,737,306,730,2
8139,160,60,459,760,1
8140,579,738,290,83,4
8141,81,685,75,591,2
8142,0,793,12,741,2
8143,678,0,225,166,3
8144,45,32,30,784,1
8145,27,224,74,729,1
8146,179,768,0,745,2
8147,40,752,0,726,2
8148,0,760,0,736,2
8149,579,713,0,270,4
8150,85,747,120,710,2
8151,0,726,219,699,2
8152,81,797,0,771,2
8153,64,736,50,719,2
8154,133,769,43,716,2
8155,0,710,381,610,2
8156,638,0,364,0,3
8157,0,790,0,743,2
8158,0,717,0,697,2
8159,693,253,192,109,3
8160,181,0,374,797,1
8161,276,0,204,723,1
8162,259,257,321,685,1
8163,670,0,449,130,3
8164,236,66,27,780,1
8165,0,0,39,763,1
8166,127,0,423,786,1
8167,0,749,0,717,2
8168,248,180,0,786,1
8169,132,69,203,767,1
8170,612,350,318,77,3
8171,0,767,0,728,2
8172,538,722,0,149,4
8173,0,0,106,735,1
8174,580,756,310,163,4
8175,247,643,372,665,2
8176,196,738,90,698,2
8177,188,769,0,741,2
8178,193,751,34,723,2
8179,0,767,0,731,2
8180,38,722,0,718,2
8181,226,236,519,741,1
8182,143,340,0,733,1
8183,0,60,88,781,1
8184,245,79,290,755,1
8185,237,5,122,735,1
8186,0,768,0,745,2
8187,230,0,34,749,1
8188,163,0,206,765,1
8189,675,276,6,212,3
8190,37,707,256,714,2
8191,616,731,0,134,4
8192,60,14,259,767,1
8193,72,726,24,709,2
8194,0,739,0,710,2
8195,0,798,411,756,2
8196,126,781,0,761,2
8197,18,716,0,710,2
8198,174,271,0,751,1
8199,103,689,542,652,2
8200,0,790,0,761,2
8201,117,729,224,685,2
8202,68,37,0,761,1
8203,684,89,189,33,3
8204,730,181,422,246,3
8205,151,0,32,785,1
8206,61,690,0,689,2
8207,608,705,40,208,4
8208,175,0,178,741,1
8209,175,739,0,725,2
8210,188,125,137,757,1
8211,187,754,0,712,2
8212,87,12,5,769,1
8213,30,267,385,687,1
8214,707,94,202,243,3
8215,71,245,145,758,1
8216,183,726,285,772,2
8217,722,100,0,220,3
8218,246,43,2,796,1
8219,130,746,0,730,2
8220,54,763,0,744,2
8221,673,161,248,138,3
8222,140,744,0,703,2
8223,0,733,211,712,2
8224,225,47,0,727,1
8225,189,154,57,794,1
8226,221,0,90,769,1
8227,264,719,0,684,2
8228,122,742,0,706,2
8229,58,263,0,732,1
8230,233,181,0,780,1
8231,645,771,0,299,4
8232,1,0,985,0,3
8233,131,0,408,741,1
8234,92,0,0,743,1
8235,189,637,0,594,2
8236,235,64,516,629,1
8237,117,124,7,773,1
8238,0,596,952,600,2
8239,271,0,108,751,1
8240,23,719,0,704,2
8241,58,223,0,755,1
8242,93,78,184,707,1
8243,240,187,0,761,1
8244,698,183,230,222,3
8245,22,777,123,732,2
8246,0,730,357,689,2
8247,0,787,0,734,2
8248,639,173,224,103,3
8249,244,0,0,720,1
8250,36,729,0,697,2
8251,679,155,263,251,3
8252,63,0,210,730,1
8253,187,55,0,757,1
8254,39,782,0,735,2
8255,110,166,38,757,1
8256,0,747,0,709,2
8257,156,131,92,777,1
8258,112,806,0,759,2
8259,604,718,0,271,4
8260,183,0,23,799,1
8261,188,56,334,734,1
8262,268,0,243,788,1
8263,88,723,92,708,2
8264,153,708,298,700,2
8265,0,786,308,751,2
8266,163,0,118,769,1
8267,586,713,0,174,4
8268,255,784,53,733,2
8269,232,134,80,708,1
8270,0,763,0,722,2
8271,136,0,150,778,1
8272,246,774,0,718,2
8273,26,686,22,597,2
8274,0,766,0,730,2
8275,203,70,23,819,1
8276,0,766,42,715,2
8277,106,137,259,758,1
8278,0,770,30,745,2
8279,725,0,193,233,3
8280,626,760,0,187,4
8281,89,113,0,730,1
8282,66,261,49,746,1
8283,87,767,0,724,2
8284,659,794,0,257,4
8285,169,0,365,689,1
8286,61,0,34,754,1
8287,165,0,665,713,1
8288,691,0,0,198,3
8289,170,741,0,712,2
8290,96,733,0,721,2
8291,189,715,209,712,2
8292,311,125,211,633,1
8293,653,0,369,113,3
8294,649,765,259,270,4
8295,655,24,10,83,3
8296,189,150,22,735,1
8297,223,253,0,728,1
8298,0,137,210,779,1
8299,0,132,99,708,1
8300,305,0,942,0,3
8301,0,754,105,706,2
8302,221,324,0,753,1
8303,22,732,19,718,2
8304,699,0,275,86,3
8305,202,135,93,406,3
8306,39,768,0,729,2
8307,114,0,453,732,1
8308,641,38,83,291,3
8309,629,765,0,186,4
8310,246,0,478,774,1
8311,255,0,374,600,1
8312,89,67,0,759,1
8314,145,0,111,745,1
8315,29,725,214,704,2
8316,174,785,5,736,2
8317,156,0,228,766,1
8318,189,93,68,742,1
8319,135,767,55,721,2
8320,0,725,0,710,2
8321,14,767,49,731,2
8322,28,724,0,724,2
8323,223,0,0,767,1
8324,0,741,35,720,2
8325,0,784,0,734,2
8326,14,839,0,765,2
8327,241,103,533,691,1
8328,228,0,47,798,1
8329,0,633,0,598,2
8330,0,763,0,700,2
8331,133,158,0,755,1
8332,210,0,280,789,1
8333,606,763,258,196,4
8334,114,768,12,729,2
8335,718,0,370,0,3
8336,0,738,198,704,2
8337,120,79,110,726,1
8338,41,759,37,743,2
8339,700,230,422,198,3
8340,227,794,0,750,2
8341,204,237,0,732,1
8342,0,213,300,768,1
8343,706,98,240,219,3
8344,693,45,0,266,3
8345,592,718,176,209,4
8346,82,217,69,773,1
8347,0,699,87,700,2
8348,0,783,36,732,2
8349,54,0,95,736,1
8350,184,224,0,727,1
8351,112,207,0,721,1
8352,0,751,0,710,2
8353,644,289,152,184,3
8354,157,224,0,744,1
8355,191,819,0,763,2
8356,133,0,146,760,1
8357,129,235,0,724,1
8358,662,49,42,207,3
8359,634,110,188,187,3
8360,173,244,75,756,1
8361,14,728,128,708,2
8362,101,146,0,686,1
8363,171,0,258,756,1
8364,16,774,66,744,2
8365,59,759,0,738,2
8366,130,807,0,754,2
8367,70,107,166,703,1
8368,206,751,70,724,2
8369,118,664,0,715,2
8370,76,187,0,721,1
8371,206,0,50,755,1
8372,673,780,115,0,4
8373,59,223,0,753,1
8374,196,184,44,755,1
8375,0,772,0,725,2
8376,231,781,0,666,2
8377,94,729,0,728,2
8378,147,0,109,765,1
8379,228,0,234,739,1
8380,649,755,0,274,4
8381,26,728,0,705,2
8382,646,760,0,281,4
8383,0,707,313,682,2
8384,128,739,381,738,2
8385,619,741,0,241,4
8386,203,739,0,701,2
8387,666,63,196,150,3
8389,0,0,76,762,1
8390,218,743,0,721,2
8391,156,0,130,783,1
8392,50,0,330,747,1
8393,150,744,120,725,2
8394,634,736,0,233,4
8395,691,811,0,159,4
8396,199,48,5,785,1
8397,96,250,92,692,1
8398,226,758,0,710,2
8399,176,0,169,748,1
8400,154,736,0,715,2
8401,157,672,0,657,2
8402,673,272,133,211,3
8403,627,792,0,240,4
8404,100,0,238,735,1
8405,20,703,0,674,2
8406,0,732,0,709,2
8407,101,0,93,797,1
8408,0,0,183,735,1
8409,34,755,0,742,2
8410,629,736,330,211,4
8411,0,768,310,674,2
8412,0,664,287,696,2
8413,0,0,426,727,1
8414,79,49,223,773,1
8415,0,763,18,723,2
8416,177,745,0,709,2
8417,147,128,0,743,1
8418,220,0,193,766,1
8419,187,747,147,733,2
8420,16,101,0,737,1
8421,105,0,0,770,1
8422,128,72,51,731,1
8423,219,136,311,695,1
8424,234,0,88,770,1
8425,193,158,257,732,1
8426,183,634,0,562,2
8427,717,158,20,270,3
8428,16,779,0,731,2
8429,259,233,150,741,1
8430,142,0,306,725,1
8431,165,52,242,772,1
8432,0,611,0,674,2
8433,640,50,284,210,3
8434,182,0,10,754,1
8435,669,781,430,129,4
8436,164,814,0,758,2
8437,161,6,80,747,1
8438,227,699,546,684,2
8439,94,747,280,719,2
8440,0,0,0,706,1
8441,0,694,0,686,2
8442,689,802,165,25,4
8443,717,202,299,119,3
8444,69,0,129,749,1
8445,205,800,107,753,2
8446,53,249,0,746,1
8447,102,167,13,740,1
8448,0,172,0,772,1
8449,249,0,0,756,1
8450,0,782,0,764,2
8451,635,745,244,289,4
8452,722,0,322,0,3
8453,0,733,60,791,2
8454,174,293,0,748,1
8455,0,732,78,708,2
8456,108,0,258,747,1
8457,0,722,0,701,2
8458,209,142,373,687,1
8459,171,204,0,744,1
8460,122,0,101,726,1
8461,181,0,0,762,1
8462,53,729,17,705,2
8463,620,806,0,111,4
8464,213,0,899,0,3
8465,186,0,61,775,1
8466,164,194,0,736,1
8467,0,822,0,763,2
8468,113,110,82,757,1
8469,143,244,154,768,1
8470,662,792,99,211,4
8471,120,0,0,738,1
8472,0,0,435,783,1
8474,190,729,0,713,2
8475,13,705,29,694,2
8476,232,86,238,753,1
8477,640,1,304,155,3
8478,604,788,119,150,4
8479,0,802,392,736,2
8480,20,2,48,749,1
8481,73,754,0,726,2
8482,695,144,86,169,3
8483,223,792,0,753,2
8484,0,737,57,708,2
8485,37,0,96,752,1
8486,0,772,209,715,2
8487,242,340,139,781,1
8488,223,0,243,771,1
8489,58,721,148,683,2
8490,637,828,0,156,4
8491,131,73,19,749,1
8492,52,732,256,720,2
8493,171,86,131,762,1
8494,117,0,40,761,1
8495,104,33,130,717,1
8496,213,714,0,693,2
8497,307,0,571,652,1
8498,655,0,156,169,3
8499,102,763,0,742,2
8500,0,768,0,719,2
8501,201,195,25,756,1
8502,112,145,0,746,1
8503,250,156,144,722,1
8504,252,0,187,768,1
8505,85,672,189,664,2
8506,176,721,0,654,2
8507,172,0,609,698,1
8508,0,663,0,672,2
8509,223,623,829,620,2
8510,620,749,0,164,4
8511,148,722,74,690,2
8512,597,729,251,248,4
8513,207,363,119,761,1
8514,157,342,154,764,1
8515,18,773,63,733,2
8516,117,198,38,754,1
8517,217,122,88,754,1
8518,203,3,55,769,1
8519,2,753,0,691,2
8520,212,0,98,770,1
8521,140,0,40,726,1
8522,95,783,0,734,2
8523,32,0,0,709,1
8524,0,769,0,737,2
8525,0,762,0,744,2
8526,152,163,255,775,1
8527,0,0,116,714,1
8528,647,789,0,223,4
8529,21,746,23,721,2
8530,61,741,61,698,2
8531,640,779,8,124,4
8532,0,749,0,741,2
8533,657,0,313,176,3
8534,592,703,0,234,4
8535,122,115,0,235,3
8536,647,26,101,206,3
8537,143,730,0,709,2
8538,286,80,8,770,1
8539,102,708,291,710,2
8540,703,818,197,178,4
8541,167,135,0,747,1
8542,679,78,314,64,3
8543,680,116,892,256,3
8544,56,746,188,719,2
8545,44,188,76,756,1
8546,55,723,0,694,2
8547,0,792,175,755,2
8548,221,827,466,768,2
8549,22,698,0,691,2
8550,587,678,161,84,4
8551,171,193,0,735,1
8552,41,731,19,689,2
8553,199,736,301,703,2
8554,0,764,0,725,2
8555,56,779,0,714,2
8556,53,0,56,773,1
8557,662,155,136,216,3
8558,686,163,460,232,3
8559,0,96,99,769,1
8560,716,223,0,65,3
8561,292,0,524,681,1
8562,98,0,297,738,1
8563,0,143,224,757,1
8564,129,424,181,782,1
8565,0,0,0,772,1
8566,733,821,0,270,4
8567,643,722,64,308,4
8568,0,0,371,712,1
8569,50,729,0,681,2
8570,191,116,33,735,1
8571,318,0,549,670,1
8572,244,19,165,734,1
8573,170,188,0,714,1
8575,79,0,0,734,1
8576,0,757,104,735,2
8577,169,130,310,758,1
8578,0,734,267,705,2
8579,0,730,91,701,2
8580,146,0,64,759,1
8581,13,0,154,707,1
8582,131,113,63,800,1
8583,0,671,0,699,2
8584,0,761,0,714,2
8585,163,0,205,737,1
8586,130,0,0,760,1
8587,203,24,229,757,1
8588,81,0,456,738,1
8589,258,0,326,697,1
8590,0,663,46,677,2
8591,233,41,0,761,1
8592,0,726,0,703,2
8593,194,91,316,411,3
8594,177,762,47,720,2
8595,239,79,231,732,1
8596,88,0,373,260,3
8597,630,758,319,210,4
8598,0,767,0,720,2
8599,159,253,0,731,1
8600,0,746,0,715,2
8601,541,0,608,103,3
8602,657,783,0,306,4
8603,184,736,254,713,2
8604,169,51,33,745,1
8605,202,0,279,768,1
8606,164,719,643,685,2
8607,661,773,0,232,4
8608,26,160,79,741,1
8609,99,0,437,775,1
8610,195,646,120,601,2
8611,605,707,22,164,4
8612,133,116,13,761,1
8613,212,0,272,770,1
8614,31,761,0,716,2
8615,111,779,0,720,2
8616,566,679,329,155,4
8617,183,90,83,741,1
8618,4,671,0,665,2
8619,162,0,295,285,3
8620,107,169,75,762,1
8621,218,0,0,770,1
8622,201,106,0,763,1
8623,694,123,437,166,3
8624,65,125,238,742,1
8625,0,756,83,729,2
8626,644,257,0,131,3
8627,149,729,119,712,2
8628,627,718,69,178,4
8629,118,0,79,741,1
8630,668,0,452,0,3
8631,248,620,0,656,2
8632,182,557,261,699,2
8633,220,0,564,674,1
8634,142,0,240,740,1
8635,89,158,0,739,1
8636,23,743,13,723,2
8637,313,214,140,725,1
8638,267,11,357,702,1
8639,32,0,57,743,1
8640,581,620,115,204,4
8641,188,0,48,721,1
8642,0,765,0,713,2
8643,84,188,99,738,1
8644,127,0,18,774,1
8645,75,769,72,733,2
8646,119,144,55,738,1
8647,256,68,71,769,1
8648,130,0,291,747,1
8649,8,0,267,758,1
8650,148,802,144,728,2
8651,131,0,219,723,1
8652,220,796,121,759,2
8653,243,121,60,775,1
8654,706,177,284,253,3
8655,619,749,234,232,4
8656,658,22,225,217,3
8657,170,0,77,773,1
8658,172,0,320,762,1
8659,139,171,117,730,1
8660,177,713,66,705,2
8661,703,0,524,14,3
8662,196,2,174,752,1
8663,57,35,0,762,1
8664,225,722,21,704,2
8665,0,770,0,732,2
8666,110,728,0,706,2
8667,345,185,499,702,1
8668,646,210,167,110,3
8669,0,0,908,0,3
8670,152,200,0,761,1
8671,634,755,82,125,4
8672,30,705,0,667,2
8673,228,754,0,728,2
8674,616,764,0,145,4
8675,119,116,0,718,1
8676,0,746,229,710,2
8677,646,766,0,30,4
8678,235,0,293,762,1
8679,39,724,0,691,2
8680,245,27,101,744,1
8681,183,34,0,728,1
8682,18,740,0,711,2
8683,588,747,12,59,4
8684,0,757,0,699,2
8685,170,66,178,721,1
8686,188,57,174,612,1
8687,220,88,0,733,1
8688,38,706,0,704,2
8689,648,765,0,281,4
8690,199,19,55,738,1
8691,250,107,218,772,1
8692,132,804,0,769,2
8693,150,769,0,714,2
8694,670,175,0,257,3
8695,163,137,33,749,1
8696,60,789,0,767,2
8697,144,0,60,755,1
8698,124,0,119,783,1
8699,167,17,241,755,1
8700,207,165,380,763,1
8701,159,65,84,726,1
8702,164,0,37,691,1
8703,68,682,0,685,2
8704,120,760,0,728,2
8705,236,0,444,755,1
8706,189,0,110,769,1
8707,92,764,0,730,2
8708,664,0,362,58,3
8709,194,0,107,809,1
8710,273,28,192,575,1
8711,111,0,222,727,1
8712,723,245,23,46,3
8713,173,0,161,789,1
8714,678,19,218,0,3
8715,51,190,406,742,1
8716,675,152,6,201,3
8717,687,39,78,175,3
8718,7,766,70,741,2
8719,607,757,401,202,4
8720,263,0,142,729,1
8721,198,213,381,729,1
8722,173,689,0,663,2
8723,204,0,254,726,1
8724,0,69,312,165,3
8725,124,140,60,764,1
8726,623,753,339,177,4
8727,33,221,198,754,1
8728,520,631,783,0,4
8729,169,0,127,762,1
8730,214,205,60,764,1
8731,201,122,0,758,1
8733,642,732,0,252,4
8734,212,138,0,739,1
8735,127,132,65,798,1
8736,217,0,117,756,1
8737,667,257,278,312,3
8738,174,132,135,770,1
8739,201,820,0,767,2
8740,190,0,45,716,1
8741,0,741,0,708,2
8742,14,6,337,761,1
8743,109,637,329,651,2
8744,137,0,139,765,1
8745,33,0,0,732,1
8746,701,237,225,214,3
8747,152,753,29,733,2
8748,237,108,81,761,1
8749,236,0,0,751,1
8750,0,740,0,711,2
8751,585,717,41,180,4
8752,0,159,0,738,1
8753,110,0,81,778,1
8754,283,0,535,691,1
8755,135,0,319,766,1
8756,653,217,0,148,3
8757,703,139,0,140,3
8758,99,754,72,718,2
8759,246,0,27,784,1
8760,0,678,24,671,2
8761,181,85,0,727,1
8762,186,145,29,741,1
8763,117,774,53,726,2
8764,50,0,412,737,1
8765,218,240,0,757,1
8766,126,15,161,769,1
8767,224,8,0,746,1
8768,47,18,85,741,1
8769,641,181,0,256,3
8770,615,732,288,76,4
8771,37,765,0,705,2
8772,0,710,0,690,2
8773,178,0,5,762,1
8774,0,796,168,749,2
8775,172,128,37,770,1
8776,181,138,182,723,1
8777,105,102,236,735,1
8778,0,785,398,754,2
8779,177,165,102,758,1
8780,189,232,96,766,1
8781,0,725,0,710,2
8782,613,741,255,288,4
8783,0,0,958,0,3
8784,131,0,200,772,1
8785,636,617,151,192,4
8786,0,767,265,713,2
8787,0,751,116,692,2
8788,0,719,0,678,2
8789,92,0,158,741,1
8790,127,0,204,744,1
8791,213,743,256,714,2
8792,15,640,1005,0,3
8793,205,14,24,766,1
8794,186,717,190,686,2
8795,599,753,0,229,4
8796,97,729,101,716,2
8797,99,109,138,763,1
8798,0,0,186,792,1
8799,198,0,256,760,1
8800,67,783,0,737,2
8801,92,840,0,810,2
8802,8,758,0,720,2
8803,182,687,52,713,2
8804,0,798,0,755,2
8805,0,776,0,738,2
8806,225,0,220,759,1
8807,23,727,126,710,2
8808,0,818,0,779,2
8809,671,195,0,318,3
8810,220,750,86,736,2
8811,207,74,153,744,1
8812,0,759,283,736,2
8813,121,0,471,765,1
8814,156,728,0,720,2
8815,241,0,0,758,1
8816,229,76,36,781,1
8817,153,252,119,777,1
8818,40,799,0,761,2
8819,0,719,0,700,2
8820,723,206,83,271,3
8821,636,737,0,280,4
8822,14,705,0,679,2
8823,161,32,114,728,1
8824,143,232,104,778,1
8825,695,810,125,252,4
8826,649,781,0,177,4
8827,0,754,41,730,2
8828,676,90,303,242,3
8829,162,698,0,706,2
8830,155,776,55,734,2
8831,238,0,182,762,1
8832,114,0,101,757,1
8833,0,778,0,740,2
8834,0,416,874,518,1
8835,94,804,3,712,2
8836,270,90,248,730,1
8837,0,0,101,771,1
8838,0,787,322,742,2
8839,212,0,0,747,1
8840,148,723,0,693,2
8841,125,724,0,708,2
8842,0,29,132,734,1
8843,0,734,0,700,2
8844,650,112,126,201,3
8845,648,162,205,229,3
8846,50,176,0,777,1
8847,236,209,215,779,1
8848,146,0,0,757,1
8849,0,780,0,714,2
8850,226,649,0,604,2
8851,729,203,289,149,3
8852,266,309,0,740,1
8853,0,775,378,722,2
8854,185,713,266,698,2
8855,312,258,195,669,1
8856,0,802,0,776,2
8857,158,13,87,738,1
8858,714,223,65,46,3
8859,640,769,0,225,4
8860,52,739,76,703,2
8861,638,214,365,114,3
8862,77,101,27,728,1
8863,185,744,0,714,2
8864,269,80,0,770,1
8865,585,746,115,218,4
8866,81,1,139,776,1
8867,213,0,304,728,1
8868,289,791,0,743,2
8869,126,98,0,701,1
8870,43,760,12,719,2
8871,45,198,217,715,1
8872,13,0,135,776,1
8873,158,0,198,781,1
8874,137,0,215,721,1
8875,719,52,376,176,3
8876,600,756,266,224,4
8877,631,740,535,89,4
8878,723,817,0,252,4
8879,662,178,245,0,3
8880,181,209,105,752,1
8881,161,0,0,718,1
8882,0,760,0,737,2
8883,71,0,194,738,1
8884,649,774,0,41,4
8885,15,71,165,723,1
8886,627,777,39,275,4
8887,189,741,0,697,2
8888,0,779,32,737,2
8890,143,563,42,750,2
8891,85,0,0,747,1
8892,201,674,63,666,2
8893,0,754,0,722,2
8894,69,96,0,732,1
8895,141,789,0,727,2
8896,678,158,19,216,3
8897,221,737,573,684,2
8898,1,0,169,777,1
8899,236,206,0,793,1
8900,707,263,0,135,3
8901,210,39,0,788,1
8902,206,148,0,692,1
8903,540,736,0,247,4
8904,202,0,273,735,1
8905,100,0,0,760,1
8906,197,0,33,732,1
8907,618,738,175,230,4
8908,49,176,0,781,1
8909,34,749,0,698,2
8910,149,68,0,739,1
8911,0,765,185,757,2
8912,37,118,0,732,1
8913,728,0,294,275,3
8914,0,35,0,732,1
8915,154,726,0,721,2
8916,0,721,0,706,2
8917,4,752,0,732,2
8918,137,173,0,749,1
8919,0,36,50,707,1
8920,37,0,402,707,1
8921,87,862,0,819,2
8922,29,205,0,722,1
8923,211,33,168,759,1
8924,636,761,12,206,4
8925,676,786,148,185,4
8926,90,707,172,664,2
8927,183,86,20,757,1
8928,131,217,0,762,1
8929,145,159,18,737,1
8931,47,742,17,713,2
8932,22,736,25,701,2
8933,90,724,107,725,2
8934,0,751,0,714,2
8935,104,5,77,782,1
8937,348,272,180,685,1
8938,697,0,0,213,3
8939,139,0,90,770,1
8940,135,735,0,703,2
8941,204,0,150,756,1
8942,166,720,83,718,2
8943,34,732,141,735,2
8944,242,746,0,703,2
8945,67,764,0,721,2
8946,637,776,0,106,4
8947,0,777,0,740,2
8948,167,122,318,766,1
8949,203,65,351,669,1
8950,100,0,244,747,1
8951,240,0,187,770,1
8952,174,53,0,761,1
8953,0,687,243,676,2
8954,17,721,0,690,2
8955,133,0,234,723,1
8956,84,686,4,662,2
8957,113,55,0,765,1
8958,671,0,63,103,3
8959,39,711,134,698,2
8960,172,129,0,754,1
8961,645,777,319,309,4
8962,40,0,875,344,3
8963,69,0,95,785,1
8964,169,189,0,779,1
8965,61,152,119,771,1
8966,690,40,141,253,3
8967,205,0,607,758,1
8968,168,148,89,750,1
8969,614,737,89,194,4
8971,187,0,414,732,1
8972,255,201,0,753,1
8973,197,189,369,636,1
8974,674,210,0,261,3
8975,125,56,0,760,1
8976,688,29,515,234,3
8977,26,698,173,686,2
8978,701,202,0,166,3
8979,0,766,0,729,2
8980,0,744,0,713,2
8981,175,7,186,746,1
8982,200,305,15,280,3
8983,0,737,0,709,2
8984,85,0,0,744,1
8985,686,35,331,12,3
8986,0,41,263,745,1
8987,223,162,368,712,1
8988,172,748,0,702,2
8989,77,732,0,692,2
8990,595,152,418,24,3
8991,612,752,55,101,4
8992,184,784,0,775,2
8993,191,215,101,754,1
8994,668,784,0,285,4
8995,561,0,813,0,3
8996,45,765,0,741,2
8997,179,786,0,733,2
8998,186,0,290,751,1
8999,52,747,0,706,2
9000,135,226,0,731,1
9001,140,754,23,707,2
9002,0,785,0,746,2
9003,144,732,88,700,2
9004,122,0,102,731,1
9005,693,128,189,176,3
9006,670,51,134,110,3
9007,0,757,0,724,2
9008,199,0,312,765,1
9009,89,0,123,793,1
9010,0,752,0,709,2
9011,112,200,211,729,1
9012,150,817,70,751,2
9013,0,762,485,730,2
9014,45,225,75,770,1
9015,0,715,0,702,2
9016,218,0,147,727,1
9017,188,0,400,757,1
9018,174,0,476,702,1
9019,144,717,0,704,2
9020,0,731,243,696,2
9021,0,769,0,720,2
9022,224,0,125,760,1
9023,161,762,0,739,2
9024,115,271,136,745,1
9025,144,696,226,670,2
9026,197,85,540,632,1
9027,147,755,373,724,2
9028,176,0,144,761,1
9029,614,757,0,295,4
9030,637,270,0,200,3
9031,164,212,289,737,1
9032,74,92,166,761,1
9033,157,0,131,792,1
9034,629,0,194,197,3
9035,324,0,298,84,3
9036,216,152,162,778,1
9037,169,155,226,765,1
9038,110,742,331,715,2
9039,0,821,0,773,2
9040,120,172,265,741,1
9041,133,691,0,686,2
9042,187,522,292,656,2
9043,184,146,0,747,1
9044,0,0,0,762,1
9045,166,752,0,708,2
9046,196,0,71,759,1
9047,703,0,7,149,3
9048,0,724,0,710,2
9049,56,171,137,750,1
9050,243,221,0,755,1
9051,612,159,65,201,3
9052,0,782,0,731,2
9053,409,785,0,741,2
9054,143,736,171,715,2
9055,279,0,316,766,1
9056,0,755,0,716,2
9057,647,765,0,223,4
9058,16,248,0,703,1
9059,188,0,493,702,1
9060,146,127,80,727,1
9061,4,766,2,718,2
9062,63,0,291,0,3
9063,612,737,70,236,4
9064,594,704,234,185,4
9065,187,114,0,767,1
9066,170,0,121,764,1
9067,48,0,179,748,1
9068,0,80,18,756,1
9069,258,252,321,663,1
9070,677,136,198,277,3
9071,0,726,0,689,2
9072,192,0,0,796,1
9073,62,759,0,694,2
9074,588,714,474,0,4
9075,0,748,20,729,2
9076,262,139,151,744,1
9077,237,277,376,740,1
9078,0,842,0,767,2
9079,155,110,158,741,1
9080,188,0,13,743,1
9081,0,692,141,698,2
9082,188,737,287,709,2
9083,98,0,908,585,1
9084,0,728,85,713,2
9085,710,201,33,127,3
9086,598,751,0,136,4
9087,221,176,200,726,1
9088,675,0,201,169,3
9089,207,658,181,692,2
9090,188,186,0,747,1
9091,125,108,0,732,1
9092,619,760,32,223,4
9093,589,618,0,203,4
9094,55,746,201,720,2
9095,94,135,205,689,1
9096,609,0,956,0,3
9097,264,115,0,746,1
9098,64,728,47,714,2
9099,0,731,0,701,2
9100,240,81,0,776,1
9101,130,388,389,667,1
9102,596,743,0,250,4
9103,115,0,99,733,1
9104,136,130,0,767,1
9105,148,715,0,713,2
9106,141,745,159,702,2
9107,0,746,0,681,2
9108,272,0,176,736,1
9109,55,18,215,738,1
9110,302,0,209,757,1
9111,230,729,52,719,2
9112,2,0,28,731,1
9113,0,25,22,751,1
9114,601,774,169,121,4
9115,213,0,243,801,1
9116,125,166,0,754,1
9117,51,769,0,740,2
9118,0,718,0,694,2
9119,64,0,524,756,1
9120,235,104,0,780,1
9121,180,0,204,746,1
9122,155,0,21,719,1
9123,164,0,240,743,1
9124,625,722,145,124,4
9125,0,737,81,688,2
9126,0,766,68,729,2
9127,675,0,0,110,3
9128,177,759,45,738,2
9129,149,27,276,740,1
9130,213,226,44,739,1
9131,633,766,0,343,4
9132,137,251,321,698,1
9133,0,22,55,754,1
9134,245,347,148,813,1
9135,625,59,0,288,3
9136,614,761,0,239,4
9137,196,726,0,708,2
9138,615,767,0,122,4
9139,309,175,334,623,1
9140,0,732,81,689,2
9141,208,166,60,758,1
9142,245,90,0,796,1
9143,250,66,3,738,1
9144,228,47,0,738,1
9145,1,216,240,757,1
9146,0,742,0,689,2
9147,251,250,458,641,1
9148,88,778,0,728,2
9149,653,757,215,239,4
9150,10,0,148,766,1
9151,115,218,155,700,1
9152,0,14,348,687,1
9153,0,744,36,707,2
9154,191,649,415,645,2
9155,609,733,0,0,4
9156,614,762,99,175,4
9157,82,0,7,791,1
9158,277,748,0,737,2
9159,672,14,218,227,3
9160,660,792,221,277,4
9161,162,737,168,693,2
9162,0,681,0,690,2
9163,96,0,189,751,1
9164,125,793,0,752,2
9165,130,212,0,734,1
9166,204,0,190,773,1
9167,155,725,0,702,2
9168,44,724,0,695,2
9169,75,749,0,732,2
9170,192,0,0,773,1
9171,652,686,0,253,4
9172,160,696,6,714,2
9173,516,577,593,574,2
9174,10,110,0,760,1
9175,58,730,0,699,2
9176,127,151,0,730,1
9177,609,719,81,248,4
9178,196,207,100,687,1
9179,609,745,0,22,4
9180,660,190,0,219,3
9181,0,696,34,702,2
9182,696,306,214,149,3
9183,0,181,1,766,1
9184,189,725,0,697,2
9185,145,0,50,775,1
9186,706,225,0,184,3
9187,645,790,0,157,4
9188,63,744,0,705,2
9189,0,759,113,721,2
9190,110,723,21,705,2
9191,11,711,0,710,2
9192,146,0,371,763,1
9193,612,737,9,269,4
9194,644,744,206,158,4
9195,104,71,0,760,1
9196,9,739,0,707,2
9197,185,0,199,739,1
9198,165,724,0,698,2
9199,0,8,0,740,1
9200,22,0,129,765,1
9201,0,821,0,780,2
9202,0,756,341,713,2
9203,0,710,42,707,2
9204,581,690,311,303,4
9205,10,794,426,749,2
9206,110,205,176,761,1
9207,668,256,153,346,3
9208,217,358,304,654,1
9209,662,765,0,190,4
9210,0,755,0,727,2
9211,218,771,0,721,2
9212,139,17,176,751,1
9213,0,762,0,660,2
9214,19,9,108,758,1
9215,0,0,180,742,1
9216,91,269,0,783,1
9217,51,691,0,697,2
9218,133,0,532,745,1
9219,133,795,0,760,2
9220,150,161,0,792,1
9221,187,58,47,750,1
9222,625,737,0,245,4
9223,185,291,105,729,1
9224,150,748,45,720,2
9225,35,687,298,707,2
9226,170,79,341,755,1
9227,246,61,40,772,1
9228,660,774,79,159,4
9229,46,717,69,708,2
9230,82,0,80,753,1
9231,287,155,270,690,1
9232,0,718,0,680,2
9233,0,59,71,743,1
9234,263,739,68,713,2
9235,0,759,0,750,2
9236,176,0,384,779,1
9237,59,0,166,708,1
9238,172,731,57,699,2
9239,0,730,0,681,2
9240,15,761,0,703,2
9241,168,0,0,775,1
9242,0,285,0,743,1
9243,84,111,361,671,1
9244,100,724,31,706,2
9245,0,727,0,676,2
9246,0,759,31,738,2
9247,155,775,76,720,2
9248,51,45,150,725,1
9249,187,144,41,757,1
9250,241,11,462,701,1
9251,76,169,0,756,1
9252,0,241,77,802,1
9253,648,126,372,212,3
9254,207,8,174,764,1
9255,58,705,0,668,2
9256,186,725,0,720,2
9257,147,715,170,693,2
9258,628,743,362,0,4
9259,608,750,0,220,4
9260,570,686,27,173,4
9261,177,729,316,693,2
9262,688,269,0,192,3
9263,674,190,59,166,3
9264,217,31,83,787,1
9265,1,744,0,712,2
9266,405,0,923,0,3
9267,188,0,319,728,1
9268,0,793,0,730,2
9269,87,733,0,712,2
9270,258,0,212,796,1
9271,10,732,6,681,2
9272,0,767,0,745,2
9273,70,0,327,763,1
9274,206,0,217,750,1
9275,691,0,16,171,3
9276,177,4,2,748,1
9277,132,9,191,766,1
9278,213,774,102,728,2
9279,651,754,41,167,4
9280,563,741,0,22,4
9281,86,0,333,688,1
9282,668,800,0,256,4
9283,104,0,321,730,1
9284,18,675,0,762,2
9285,642,792,66,185,4
9286,207,115,190,744,1
9287,162,750,0,714,2
9288,0,783,0,745,2
9289,81,0,316,305,3
9290,29,771,162,700,2
9291,136,65,44,747,1
9292,223,231,139,663,1
9293,177,205,0,763,1
9294,706,92,360,175,3
9295,34,729,20,705,2
9296,139,0,113,735,1
9297,24,75,0,736,1
9298,621,729,95,7,4
9299,125,707,0,697,2
9300,0,786,0,770,2
9301,742,173,0,243,3
9302,92,769,0,713,2
9303,157,761,126,728,2
9304,4,754,132,714,2
9305,276,742,0,717,2
9306,240,210,48,768,1
9307,80,743,510,702,2
9308,151,78,142,770,1
9309,57,750,150,721,2
9310,653,181,170,179,3
9311,0,756,0,736,2
9312,173,51,228,776,1
9313,118,239,23,769,1
9314,633,0,277,193,3
9315,677,122,17,204,3
9316,14,711,37,692,2
9317,634,687,6,265,4
9318,0,730,244,694,2
9319,7,739,94,717,2
9320,147,744,402,705,2
9321,584,726,122,162,4
9322,201,213,0,748,1
9323,90,755,0,707,2
9324,269,0,298,753,1
9325,160,0,254,799,1
9326,310,14,435,601,1
9327,0,823,0,757,2
9328,0,638,0,555,2
9329,61,0,139,755,1
9330,689,234,256,166,3
9331,272,8,186,782,1
9332,27,256,196,741,1
9333,0,735,0,718,2
9334,195,706,0,695,2
9335,3,806,0,762,2
9336,76,146,161,759,1
9337,0,0,188,743,1
9338,190,813,0,747,2
9339,0,757,92,717,2
9340,92,778,0,754,2
9341,629,745,0,248,4
9342,78,744,96,697,2
9343,586,732,192,207,4
9344,231,97,87,791,1
9345,136,783,0,737,2
9346,0,768,0,703,2
9347,0,785,1,726,2
9348,213,0,401,775,1
9349,261,267,127,605,1
9350,152,0,351,747,1
9351,78,135,133,754,1
9352,19,0,164,742,1
9353,0,760,0,729,2
9354,26,774,0,739,2
9355,251,91,61,795,1
9356,638,0,407,107,3
9357,238,19,252,739,1
9358,13,696,671,650,2
9359,0,741,41,725,2
9360,195,0,30,769,1
9361,44,0,2,745,1
9362,115,0,287,716,1
9363,82,0,151,754,1
9364,71,200,0,748,1
9365,171,0,52,759,1
9366,142,211,72,734,1
9367,242,214,0,742,1
9368,0,721,0,692,2
9369,185,0,372,744,1
9370,0,763,0,714,2
9371,8,761,86,714,2
9372,192,749,265,718,2
9373,188,0,129,731,1
9374,207,0,129,744,1
9375,252,62,0,732,1
9376,15,15,284,723,1
9377,212,0,0,744,1
9378,0,0,0,717,1
9379,163,688,300,683,2
9380,245,229,166,736,1
9381,0,757,0,773,2
9382,74,753,0,735,2
9383,8,266,0,756,1
9384,224,43,68,746,1
9385,233,0,133,774,1
9386,80,748,0,713,2
9387,143,731,293,712,2
9388,0,739,76,702,2
9389,0,0,92,774,1
9390,193,117,0,799,1
9391,112,64,104,769,1
9392,227,712,94,701,2
9393,114,0,87,783,1
9394,633,831,0,235,4
9395,66,136,105,702,1
9396,40,773,0,735,2
9397,159,0,12,759,1
9398,241,749,0,741,2
9399,248,0,330,792,1
9400,563,128,357,0,3
9401,215,108,34,738,1
9402,151,233,306,769,1
9403,196,215,30,763,1
9404,112,0,162,745,1
9405,71,0,337,786,1
9406,579,763,11,420,4
9407,567,694,235,114,4
9408,76,8,102,749,1
9409,638,740,69,202,4
9410,130,705,102,720,2
9411,213,0,0,750,1
9412,168,18,109,759,1
9413,0,741,0,723,2
9414,200,326,280,714,1
9415,184,109,201,747,1
9416,0,709,12,716,2
9417,158,183,237,737,1
9418,0,3,0,720,1
9419,221,753,105,728,2
9420,251,266,244,743,1
9421,258,0,272,723,1
9422,633,747,40,155,4
9423,167,771,0,763,2
9424,0,775,0,723,2
9425,91,720,44,706,2
9426,220,250,74,217,3
9427,94,804,0,730,2
9428,613,769,0,242,4
9429,141,727,0,696,2
9430,0,749,0,718,2
9431,241,166,0,813,1
9432,74,758,0,713,2
9433,262,250,416,674,1
9434,595,716,112,98,4
9435,0,686,0,695,2
9436,124,247,88,766,1
9437,235,532,500,705,2
9438,660,282,3,168,3
9439,186,0,0,712,1
9440,127,531,256,743,2
9441,139,25,207,734,1
9442,302,0,637,620,1
9443,14,0,147,733,1
9444,0,0,146,718,1
9445,651,108,0,224,3
9446,214,176,44,745,1
9447,666,286,8,206,3
9448,184,0,758,725,1
9449,561,913,0,308,4
9450,0,747,0,721,2
9451,251,644,270,696,2
9452,0,739,0,709,2
9453,139,742,0,708,2
9454,103,283,0,764,1
9455,6,688,429,691,2
9456,12,760,0,709,2
9457,130,98,55,723,1
9458,147,164,0,796,1
9459,180,0,669,592,1
9460,113,27,0,759,1
9461,151,129,37,736,1
9462,110,52,0,761,1
9463,208,0,0,753,1
9464,0,181,240,738,1
9465,204,0,0,743,1
9466,592,0,347,168,3
9467,658,150,84,71,3
9468,613,776,0,145,4
9469,104,249,0,789,1
9470,0,789,0,769,2
9471,609,740,136,244,4
9472,121,800,0,756,2
9473,76,788,3,764,2
9474,161,104,253,760,1
9475,87,130,61,765,1
9476,24,743,0,706,2
9477,612,731,0,264,4
9478,10,743,64,702,2
9479,159,227,35,792,1
9480,0,103,286,755,1
9481,7,800,199,744,2
9482,629,771,0,128,4
9483,608,730,248,137,4
9484,668,819,0,239,4
9485,160,0,113,784,1
9486,0,758,0,725,2
9487,21,720,0,730,2
9488,686,180,156,126,3
9489,0,83,0,780,1
9490,126,790,0,750,2
9491,0,751,0,723,2
9492,0,731,0,666,2
9493,73,0,304,693,1
9494,97,0,256,772,1
9495,700,63,0,299,3
9496,197,103,100,760,1
9497,202,496,132,768,2
9498,12,773,0,745,2
9499,0,748,0,700,2
9500,208,135,1,762,1
9501,9,737,0,692,2
9502,23,64,394,763,1
9503,667,178,195,185,3
9504,224,642,338,561,2
9505,194,741,193,700,2
9506,669,47,94,0,3
9507,189,745,0,724,2
9508,0,763,217,707,2
9509,588,765,3,214,4
9510,116,20,0,781,1
9511,64,690,331,644,2
9512,0,718,154,692,2
9513,181,789,148,736,2
9514,597,714,145,175,4
9515,7,267,0,752,1
9516,683,67,218,0,3
9517,0,0,311,786,1
9518,642,0,137,131,3
9519,0,681,90,635,2
9520,127,19,141,748,1
9521,622,780,0,76,4
9522,635,747,195,258,4
9523,69,750,0,704,2
9524,139,0,178,749,1
9525,21,24,0,723,1
9526,188,552,27,669,2
9527,147,197,0,720,1
9528,243,0,395,609,1
9529,664,0,204,179,3
9530,670,817,21,175,4
9531,180,0,315,760,1
9532,43,726,0,700,2
9533,224,738,0,717,2
9534,51,160,0,704,1
9535,50,692,138,684,2
9536,92,0,355,716,1
9537,75,753,0,732,2
9538,79,735,0,724,2
9539,590,702,0,105,4
9540,182,753,300,723,2
9541,79,0,522,749,1
9542,708,26,264,155,3
9543,158,0,281,753,1
9544,246,0,142,738,1
9545,158,10,118,763,1
9546,248,160,388,617,1
9547,29,227,0,748,1
9548,248,167,104,793,1
9549,259,0,49,739,1
9550,617,758,0,256,4
9551,114,228,0,799,1
9552,104,171,0,736,1
9553,294,0,448,599,1
9554,175,0,166,771,1
9555,0,715,0,697,2
9556,0,776,0,732,2
9557,51,736,0,705,2
9558,162,0,104,749,1
9559,177,0,249,714,1
9560,180,689,0,677,2
9561,108,133,0,792,1
9562,262,75,266,753,1
9563,0,809,130,753,2
9564,138,0,0,730,1
9565,32,87,0,763,1
9566,125,0,0,760,1
9567,18,728,0,715,2
9568,85,0,206,738,1
9569,643,782,0,233,4
9570,313,58,428,561,1
9571,722,50,118,151,3
9572,60,714,0,713,2
9573,184,19,332,749,1
9574,0,784,0,732,2
9575,0,752,222,722,2
9576,610,737,25,264,4
9577,669,88,0,180,3
9578,96,658,0,663,2
9579,747,109,0,254,3
9580,114,0,434,748,1
9581,187,746,86,722,2
9582,136,176,274,733,1
9583,0,745,224,691,2
9584,47,728,217,704,2
9585,150,238,0,761,1
9586,243,0,525,735,1
9587,579,688,0,152,4
9588,190,0,293,768,1
9589,0,0,414,744,1
9590,111,51,0,704,1
9591,148,236,109,709,1
9592,212,132,4,782,1
9593,0,712,211,700,2
9594,140,0,263,774,1
9595,172,208,0,766,1
9596,225,0,321,629,1
9597,154,120,58,729,1
9598,701,225,0,109,3
9599,22,81,268,744,1
9600,260,706,3,703,2
9601,77,457,0,767,1
9602,69,214,79,725,1
9603,114,0,67,729,1
9604,0,224,0,751,1
9605,204,0,214,273,3
9606,135,134,45,742,1
9607,709,189,20,158,3
9608,734,263,3,137,3
9609,669,811,0,215,4
9610,55,0,223,775,1
9611,160,803,0,727,2
9612,210,31,137,767,1
9613,665,0,261,231,3
9614,177,0,457,764,1
9615,105,686,92,695,2
9617,1,140,92,738,1
9618,93,696,62,702,2
9619,20,47,105,750,1
9620,198,741,401,683,2
9621,184,176,0,771,1
9622,0,750,0,716,2
9623,13,788,0,737,2
9624,127,238,0,765,1
9625,624,753,32,269,4
9626,258,732,184,707,2
9627,92,5,185,704,1
9628,123,764,406,743,2
9629,0,813,0,769,2
9630,734,262,0,255,3
9631,0,755,0,725,2
9632,0,792,0,753,2
9633,0,809,0,740,2
9634,235,0,184,772,1
9635,172,68,0,763,1
9636,116,111,46,748,1
9637,178,0,899,263,3
9638,667,782,128,174,4
9639,184,0,49,761,1
9640,590,706,0,194,4
9641,114,0,26,713,1
9642,60,0,191,716,1
9643,43,772,211,734,2
9644,0,710,16,646,2
9645,178,831,368,800,2
9646,197,0,296,771,1
9647,53,810,17,767,2
9648,84,716,0,701,2
9649,214,714,332,695,2
9650,57,702,0,689,2
9651,218,39,121,729,1
9652,2,0,21,741,1
9653,142,45,0,772,1
9654,141,179,0,743,1
9655,0,0,252,740,1
9656,97,772,6,732,2
9657,106,0,55,764,1
9658,191,704,0,694,2
9659,152,0,530,735,1
9660,82,722,11,750,2
9661,671,193,224,99,3
9662,81,0,68,755,1
9663,51,760,2,723,2
9664,207,0,170,743,1
9665,8,758,0,717,2
9666,170,215,0,764,1
9667,606,718,0,193,4
9668,650,793,297,86,4
9669,141,0,0,718,1
9670,126,21,234,742,1
9671,156,211,0,746,1
9672,0,761,0,737,2
9673,194,369,134,672,1
9674,671,787,125,230,4
9676,0,761,130,730,2
9677,512,335,397,275,3
9678,678,3,269,187,3
9679,27,764,0,723,2
9680,241,786,15,742,2
9681,626,750,385,65,4
9682,39,754,0,711,2
9683,708,35,260,268,3
9684,0,764,0,718,2
9685,22,788,5,735,2
9686,174,222,80,755,1
9687,292,104,443,614,1
9688,14,0,45,759,1
9689,65,122,0,759,1
9690,0,742,410,713,2
9691,89,0,0,729,1
9692,0,742,0,705,2
9693,177,759,0,741,2
9694,192,258,0,711,1
9695,183,166,0,725,1
9696,575,738,2,200,4
9697,213,244,0,749,1
9698,150,760,0,718,2
9699,79,160,13,744,1
9700,219,0,469,769,1
9701,33,288,0,768,1
9702,181,78,105,752,1
9703,234,77,292,768,1
9704,65,763,21,719,2
9705,243,0,442,755,1
9706,148,49,108,770,1
9707,143,716,505,693,2
9708,257,9,244,779,1
9709,0,799,293,735,2
9710,682,806,52,156,4
9711,92,726,152,717,2
9712,666,795,0,248,4
9713,116,35,167,731,1
9714,682,821,307,166,4
9715,20,770,0,716,2
9716,613,764,0,195,4
9717,125,765,0,728,2
9718,8,807,61,764,2
9719,62,668,0,629,2
9720,0,11,70,754,1
9721,0,776,0,753,2
9722,694,781,0,260,4
9723,0,706,0,678,2
9724,214,777,0,727,2
9725,159,195,313,724,1
9726,628,755,462,97,4
9727,677,0,391,75,3
9728,207,745,0,701,2
9729,0,743,471,720,2
9730,170,10,0,765,1
9731,0,733,364,696,2
9732,164,236,427,732,1
9733,184,788,0,727,2
9734,621,765,2,136,4
9735,197,0,150,748,1
9736,122,791,194,736,2
9737,158,260,0,803,1
9738,12,0,113,779,1
9739,167,650,185,672,2
9740,650,194,66,186,3
9741,723,182,424,217,3
9742,198,0,26,762,1
9743,626,760,0,176,4
9744,9,9,16,775,1
9745,247,736,0,699,2
9746,106,258,336,600,1
9747,130,246,0,754,1
9748,268,21,0,737,1
9749,0,711,0,714,2
9750,84,731,0,689,2
9751,0,129,429,634,1
9752,107,129,0,751,1
9753,605,254,258,184,3
9754,24,760,0,715,2
9755,643,744,17,203,4
9756,104,674,35,649,2
9757,139,771,0,744,2
9758,154,0,507,746,1
9759,0,264,0,758,1
9760,226,5,21,761,1
9761,670,175,0,83,3
9762,106,778,136,718,2
9763,0,754,0,734,2
9764,606,755,339,213,4
9765,238,68,373,762,1
9766,19,0,197,759,1
9767,614,750,0,216,4
9768,637,28,132,180,3
9769,115,768,0,748,2
9770,176,679,0,644,2
9771,212,164,0,807,1
9772,618,726,557,0,4
9773,653,166,0,275,3
9774,176,749,0,725,2
9775,42,713,29,718,2
9776,123,156,0,743,1
9777,673,117,232,224,3
9778,257,0,327,787,1
9779,642,773,0,313,4
9780,158,131,0,771,1
